canton_id,canton,commune,prefecture,region,couverture_mobile,mm_1km_pct,togocom_5km_pct,habitants_par_mm,marches_5km_hab,ecoles_15km_hab,marches_nb,postes_nb,n_agents_mm
A01001001,Agoè-Nyivé,Agoè-Nyivé 1,Agoè-Nyivé,Maritime,100,93.26,100,848,378351,378351,5,4,446
A01002002,Légbassito,Agoè-Nyivé 2,Agoè-Nyivé,Maritime,100,84.1,100,4288,158640,158640,3,1,37
A01003003,Vakpossito,Agoè-Nyivé 3,Agoè-Nyivé,Maritime,100,100,100,277,72792,72792,1,1,263
A01004004,Togblekope,Agoè-Nyivé 4,Agoè-Nyivé,Maritime,100,67.33,100,660,170336,170336,5,1,258
A01005005,Sanguera,Agoè-Nyivé 5,Agoè-Nyivé,Maritime,100,84.71,100,2191,212574,212574,4,2,97
A01006006,Adétikopé,Agoè-Nyivé 6,Agoè-Nyivé,Maritime,100,86.85,100,195,57874,57868,2,1,297
A02007007,Kévé,Avé 1,Avé,Maritime,99.92,56.69,43.24,1101,5751,11406,1,1,11
A02007008,Assahoun,Avé 1,Avé,Maritime,61.95,70.16,73.92,241,8252,9923,2,0,43
A02007009,Tovégan,Avé 1,Avé,Maritime,6.11,25.69,0,1646,8852,12931,2,0,9
A02007010,Ando,Avé 1,Avé,Maritime,0,16.39,3.23,2096,4834,8661,1,0,5
A02007011,Zolo,Avé 1,Avé,Maritime,44.17,70.32,27.96,601,5122,5757,1,0,10
A02008013,Aképé,Avé 2,Avé,Maritime,100,70.33,43.91,560,12200,12242,2,0,22
A02008014,Badja,Avé 2,Avé,Maritime,100,47.74,0,838,6142,7483,1,0,10
A02008012,Noépé,Avé 2,Avé,Maritime,100,72.99,0,465,7444,7483,1,0,17
A03009015,Kpétsou,Bas-Mono 1,Bas-Mono,Maritime,100,70.47,11.36,704,13354,13339,2,0,19
A03009016,Afagnan-Gbléta,Bas-Mono 1,Bas-Mono,Maritime,100,44.84,53.5,857,35994,35994,3,1,42
A03009017,Afagnangan,Bas-Mono 1,Bas-Mono,Maritime,100,92.48,96.07,238,20884,20654,1,0,88
A03010018,Attitogon,Bas-Mono 2,Bas-Mono,Maritime,100,69.11,6.16,1194,27462,27354,2,0,23
A03010019,Hompou,Bas-Mono 2,Bas-Mono,Maritime,100,17.12,0,5789,5693,5779,0,0,1
A03010020,Agome-Glozou,Bas-Mono 2,Bas-Mono,Maritime,100,59.76,6.31,1024,6146,6028,3,0,6
A04013024,Bè-Ouest,Golfe 3,Golfe,Maritime,100,94.61,100,489,137458,135786,4,6,281
A04015026,Aflao-Gakli,Golfe 5,Golfe,Maritime,100,100,100,200,212655,212655,6,3,1062
A04016027,Baguida,Golfe 6,Golfe,Maritime,100,96.55,99.71,450,216740,216740,7,2,482
A04017028,Aflao-Sagbado,Golfe 7,Golfe,Maritime,100,80.63,97.81,563,437169,437268,3,2,777
A04014025,Amoutivé,Golfe 4,Golfe,Maritime,100,100,100,135,109069,109069,9,2,809
A04011022,Bè-Est,Golfe 1,Golfe,Maritime,100,97.26,99.94,193,242446,242446,14,2,1256
A04012023,Bè-Centre,Golfe 2,Golfe,Maritime,100,100,100,320,145401,145401,4,2,454
A05018029,Aného,Lacs 1,Lacs,Maritime,100,100,0,258,14682,14682,1,1,57
A05018030,Glidji,Lacs 1,Lacs,Maritime,100,72,0,37,1173,1163,3,0,32
A05018031,Canton D’Aneho,Lacs 1,Lacs,Maritime,100,100,0,75,6206,6206,2,0,83
A05019032,Aklakou,Lacs 2,Lacs,Maritime,99.93,75.49,0,507,12098,12984,1,1,28
A05019033,Agouégan,Lacs 2,Lacs,Maritime,100,51.94,0,1293,10639,15330,1,0,12
A05020034,Agbodrafo,Lacs 3,Lacs,Maritime,100,99.81,0,274,49029,49029,3,1,179
A05021035,Anfoin,Lacs 4,Lacs,Maritime,100,85.53,0,250,11753,11753,1,1,47
A05021036,Fiata,Lacs 4,Lacs,Maritime,100,66.01,0,688,16753,17058,2,0,25
A05021037,Ganavé,Lacs 4,Lacs,Maritime,100,84.33,0,453,6342,6323,1,0,14
A06022038,Vogan,Vo 1,Vo,Maritime,100,57.73,0,325,51932,56928,2,1,175
A06022039,Vo-Koutimé,Vo 1,Vo,Maritime,100,88.93,0,619,22270,22270,3,0,36
A06023040,Togoville,Vo 2,Vo,Maritime,100,96.82,0,191,8576,8523,4,0,45
A06023041,Anyron-Kopé,Vo 2,Vo,Maritime,100,47.92,0,60,422,413,2,0,7
A06024042,Dagbati,Vo 3,Vo,Maritime,100,36.06,0.14,1311,32918,34007,2,0,26
A06024043,Dzrékpo,Vo 3,Vo,Maritime,100,78.89,0,392,22377,22712,2,0,58
A06024044,Mome-Hounkpati,Vo 3,Vo,Maritime,100,82.36,0.19,586,8937,9377,1,0,16
A06025045,Sévagan,Vo 4,Vo,Maritime,100,36.47,0,249,3738,3738,1,0,15
A06025046,Hahotoé,Vo 4,Vo,Maritime,100,96.55,0,296,16176,16273,1,1,55
A06025047,Akoumapé,Vo 4,Vo,Maritime,100,79.6,0,424,18112,18012,2,0,43
A07026048,Tabligbo,Yoto 1,Yoto,Maritime,100,97.65,99.66,574,31499,31287,3,1,55
A07026049,Amoussimé,Yoto 1,Yoto,Maritime,100,66.4,39.11,1892,13242,13230,0,0,7
A07026050,Kouvé,Yoto 1,Yoto,Maritime,99.33,77.62,0,1485,26050,24559,6,0,18
A07026051,Kini-Kondji,Yoto 1,Yoto,Maritime,100,64.84,48.06,1824,3614,3543,1,0,2
A07027052,Tchékpo,Yoto 2,Yoto,Maritime,100,92.41,0,569,15314,15020,3,0,27
A07027053,Ahépé,Yoto 2,Yoto,Maritime,100,95.42,0,1133,19234,19234,1,1,17
A07027054,Zafi,Yoto 2,Yoto,Maritime,100,77.21,0,2350,16438,15168,7,0,7
A07028055,Gboto,Yoto 3,Yoto,Maritime,100,76.29,0,1870,16821,16762,3,0,9
A07028056,Tométy-Kondji,Yoto 3,Yoto,Maritime,100,21.11,0,4349,8699,8687,4,0,2
A07028057,Sendome,Yoto 3,Yoto,Maritime,100,52.08,0,3684,7333,6827,1,0,2
A07028058,Essé-Godjin,Yoto 3,Yoto,Maritime,100,25.6,0,2621,6486,7486,0,0,3
A07028059,Tokpli,Yoto 3,Yoto,Maritime,100,78.31,0,1268,13948,13937,3,0,11
A08032074,Gapé-Centre,Zio 4,Zio,Maritime,93.19,29.39,0,545,16383,20578,3,0,41
A08032075,Gapé-Kpodji,Zio 4,Zio,Maritime,80.81,56.98,0,397,647,2761,0,0,7
A08029060,Tsévié,Zio 1,Zio,Maritime,100,93.73,94.96,322,50443,49635,4,1,157
A08029061,Davié,Zio 1,Zio,Maritime,100,97.36,82.04,199,26881,30036,0,0,153
A08029062,Gblainvié,Zio 1,Zio,Maritime,100,55.28,25.93,561,3208,4017,1,0,9
A08029063,Abobo,Zio 1,Zio,Maritime,100,52.74,75.94,776,21715,21371,4,0,28
A08029064,Djagblé,Zio 1,Zio,Maritime,100,84.5,100,1009,26238,26238,0,1,26
A08029065,Kpomé,Zio 1,Zio,Maritime,100,82.05,14.09,108,2367,2302,2,0,22
A08029066,Dalavé,Zio 1,Zio,Maritime,100,54.67,70.46,408,15988,19913,0,0,51
A08029067,Gbatopé,Zio 1,Zio,Maritime,100,88.67,0,176,10855,10356,6,0,62
A08030068,Mission-Tové,Zio 2,Zio,Maritime,100,91.27,44.37,517,21180,21056,1,0,41
A08030069,Kovié,Zio 2,Zio,Maritime,100,71.77,0,990,10560,13536,2,0,14
A08030070,Wli,Zio 2,Zio,Maritime,100,88.31,21.1,415,2389,3079,0,0,8
A08030071,Bolou,Zio 2,Zio,Maritime,100,68.83,26.5,295,5031,4756,1,0,18
A08031072,Gamé,Zio 3,Zio,Maritime,,,,,,,0,0,0
A08031073,Agbélouvé,Zio 3,Zio,Maritime,98.4,59.68,36.28,299,30066,33872,16,1,125
B01032079,Kati,Agou 1,Agou,Plateaux,100,94.12,0,267,3200,3058,2,0,12
B01033080,Agou-Nyogbo-Dzidjole,Agou 1,Agou,Plateaux,100,100,100,81,1382,1382,1,0,17
B01033081,Agou-Kébo,Agou 1,Agou,Plateaux,100,63.24,100,1144,2288,2276,0,0,2
B01033076,Agou-Nyogbo-Agbétiko,Agou 1,Agou,Plateaux,100,39.4,6.32,174,3983,3369,2,0,23
B01033077,Agou-Akplolo,Agou 1,Agou,Plateaux,100,82.87,0,106,1247,1112,2,0,12
B01033078,Agou-Iboé,Agou 1,Agou,Plateaux,100,44.29,0,823,1647,1559,1,0,2
B01033082,Agou-Tavié,Agou 1,Agou,Plateaux,100,93.91,95.8,244,11455,11256,3,1,47
B01033083,Agou-Atigbé,Agou 1,Agou,Plateaux,100,38.08,76.71,2147,2023,1959,0,0,1
B01033084,Gadja,Agou 1,Agou,Plateaux,100,61.19,4.99,306,17004,15704,2,0,57
B01033085,Assahoun-Fiagbé,Agou 1,Agou,Plateaux,100,50.3,1.81,2923,341,2770,0,0,1
B01033086,Klonou,Agou 1,Agou,Plateaux,,,,,,,0,0,0
B01034087,Amoussou-Kopé,Agou 2,Agou,Plateaux,42.15,64.93,0,249,11143,10057,2,0,45
B01034088,Agotimé-Sud (Adzakpa),Agou 2,Agou,Plateaux,0,8.46,0,5074,429,2950,0,0,1
B01034089,Agotimé-Nord,Agou 2,Agou,Plateaux,51.08,37.09,0,2858,3723,10046,2,0,4
B02035090,Djon,Akébou 1,Akébou,Plateaux,100,28.76,0,1378,9239,10808,1,0,8
B02035091,Veh,Akébou 1,Akébou,Plateaux,100,45.28,0,945,3464,3727,1,0,4
B02035092,Kougnohou,Akébou 1,Akébou,Plateaux,100,82.36,0,230,8850,9776,1,1,43
B02035093,Gbendè,Akébou 1,Akébou,Plateaux,100,35.29,0,1874,3496,3590,2,0,2
B02035094,Yalla,Akébou 1,Akébou,Plateaux,4.7,69.27,0,818,31,4756,0,0,6
B02036095,Sérégbénè,Akébou 2,Akébou,Plateaux,51.67,42.8,0,1751,5092,8421,1,0,5
B02036096,Kpalavé,Akébou 2,Akébou,Plateaux,12.28,33.39,0,3836,6803,7181,2,0,2
B02036097,Kamina-Akébou,Akébou 2,Akébou,Plateaux,19.87,31.14,0,794,11192,11655,3,0,17
B03037099,Imlè-Adiva,Amou 1,Amou,Plateaux,100,40.93,0,1244,8355,6228,3,0,7
B03037098,Adiva,Amou 1,Amou,Plateaux,100,78.33,0,384,1536,1336,1,0,4
B03037100,Amlamé (Ouma),Amou 1,Amou,Plateaux,100,72.99,0,438,13565,13150,2,1,32
B03038101,Kpatégan,Amou 2,Amou,Plateaux,100,14.72,0,2009,2680,12350,0,0,7
B03038102,Ekpégnon,Amou 2,Amou,Plateaux,100,11.29,0,6091,5863,5081,3,0,1
B03038103,Amou-Oblo,Amou 2,Amou,Plateaux,100,49.47,0,990,13283,16190,2,1,18
B03038104,Sodo,Amou 2,Amou,Plateaux,100,33.64,0,1476,6827,6236,3,0,5
B03039105,Gamé,Amou 3,Amou,Plateaux,81.78,0,0,,2024,3805,1,0,0
B03039106,Otadi,Amou 3,Amou,Plateaux,100,87,0,300,1593,4282,1,0,15
B03039107,Hihéatro,Amou 3,Amou,Plateaux,100,75.83,0,726,17486,19533,2,1,28
B03039108,Okpahoé,Amou 3,Amou,Plateaux,100,0.4,0,,0,1938,0,0,0
B03039109,Evou,Amou 3,Amou,Plateaux,100,91.16,0,253,7071,6946,3,0,28
B03039110,Témédja,Amou 3,Amou,Plateaux,100,84.2,0,312,9345,8595,1,0,30
B04040112,Pallakoko,Anié 1,Anié,Plateaux,100,51.88,0.34,1146,6742,16671,1,0,17
B04040113,Anié,Anié 1,Anié,Plateaux,100,74.35,74.36,459,88981,91946,10,1,208
B04040114,Kolo-Kopé,Anié 1,Anié,Plateaux,99.89,45.47,0,1625,18033,17036,3,0,12
B04041115,Adogbénou,Anié 2,Anié,Plateaux,0,24.03,0,963,19243,23593,5,0,29
B04041116,Atchinédji,Anié 2,Anié,Plateaux,21.51,31.8,0,1142,9724,7579,5,0,10
B04041117,Glitto,Anié 2,Anié,Plateaux,3.49,15.77,0,2831,13629,19338,2,0,9
B05042118,Danyi-Atigba,Danyi 1,Danyi,Plateaux,100,95.24,0.68,215,15586,15995,3,1,75
B05042120,Danyi-Kakpa,Danyi 1,Danyi,Plateaux,100,81.49,3.52,160,112,3471,0,0,22
B05042119,Yikpa,Danyi 1,Danyi,Plateaux,100,63.41,13.11,961,1151,1910,0,0,2
B05043121,Danyi-Kpeto-Evita,Danyi 2,Danyi,Plateaux,100,41.18,0,501,2371,2902,0,0,6
B05043122,Danyi-Elavagnon,Danyi 2,Danyi,Plateaux,100,69.64,0,232,6003,5915,2,0,27
B05043123,Ahlon,Danyi 2,Danyi,Plateaux,100,81.23,0,447,1494,4405,0,0,10
B06044124,Elavagnon,Est-Mono 1,Est-Mono,Plateaux,88.01,37.6,0,1065,34303,51746,3,1,54
B06044125,Gbadjahè,Est-Mono 1,Est-Mono,Plateaux,90.24,38.73,0,1057,11561,13306,2,0,15
B06045126,Morétan,Est-Mono 2,Est-Mono,Plateaux,74.87,30.59,0,1137,28628,43655,3,0,51
B06045127,Badin-Copé,Est-Mono 2,Est-Mono,Plateaux,25.17,53.36,0,628,14554,15001,6,0,30
B06045128,Kamina,Est-Mono 2,Est-Mono,Plateaux,14.03,49.33,0,769,12374,11687,4,0,18
B06046129,Kpéssi,Est-Mono 3,Est-Mono,Plateaux,100,18.92,0,1786,5854,8231,2,0,6
B06046130,Nyamassila,Est-Mono 3,Est-Mono,Plateaux,100,41.33,0,506,6206,15530,0,0,35
B07047131,Notsé,Haho 1,Haho,Plateaux,100,90.92,91.51,593,63853,65951,2,1,114
B07047132,Dalia,Haho 1,Haho,Plateaux,92.62,32.91,0,1149,29864,26243,6,0,27
B07047133,Atchavé,Haho 1,Haho,Plateaux,100,49.47,0,825,16210,18831,2,0,26
B02048134,Djemegni,Haho 2,Haho,Plateaux,98.58,47.97,2.74,1630,29411,32061,3,0,22
B07048135,Asrama,Haho 2,Haho,Plateaux,37.38,50.77,0,1305,34343,39311,3,1,32
B07049136,Kpédomé,Haho 3,Haho,Plateaux,96.03,65.71,34.51,398,23263,36851,2,0,105
B07050137,Kpegnon (Haito),Haho 4,Haho,Plateaux,69.08,39.97,0,1248,12919,13791,2,0,13
B07050138,Wahala,Haho 4,Haho,Plateaux,96.23,61.86,43.15,596,29628,45241,2,0,81
B08051139,Tové,Kloto 1,Kloto,Plateaux,100,88.95,90.71,1135,11348,10514,1,0,10
B08051140,Agome-Kpalime,Kloto 1,Kloto,Plateaux,100,98.76,99.87,241,88712,88228,2,1,368
B08051141,Yokélé,Kloto 1,Kloto,Plateaux,100,74.17,51.35,1442,7088,7924,0,0,6
B08051142,Tomé,Kloto 1,Kloto,Plateaux,100,14.99,0,4235,4824,7473,0,0,2
B08051143,Kpadapé,Kloto 1,Kloto,Plateaux,100,48.35,0,3046,8845,7100,2,0,3
B08051144,Womé,Kloto 1,Kloto,Plateaux,100,95.08,0,613,5878,6100,0,0,10
B08051145,Gbalabé,Kloto 1,Kloto,Plateaux,100,92.47,79.57,123,738,714,1,0,6
B08051146,Hanyigba,Kloto 1,Kloto,Plateaux,100,100,83.81,167,833,833,2,0,5
B08052147,Lavié,Kloto 2,Kloto,Plateaux,100,69.78,0.73,371,7706,7295,1,0,21
B08052148,Lavié-Apédomé,Kloto 2,Kloto,Plateaux,100,51.36,0,639,5783,5799,1,0,10
B08052149,Kpimé,Kloto 2,Kloto,Plateaux,100,77.26,0,331,8615,8303,3,0,26
B08053150,Agomé-Yoh,Kloto 3,Kloto,Plateaux,100,85.71,19.05,416,833,825,0,0,2
B08053151,Agomé-Tomégbé,Kloto 3,Kloto,Plateaux,100,68.26,0,554,3324,3324,3,0,6
B08053152,Kouma,Kloto 3,Kloto,Plateaux,100,90.88,0,314,8790,6759,2,0,28
B09055157,Kpélé-Nord,Kpélé 2,Kpélé,Plateaux,100,52.81,0,389,9295,7880,3,1,24
B09055158,Kpélé-Dutoé,Kpélé 2,Kpélé,Plateaux,100,59.06,0,691,3455,3113,0,0,5
B09055159,Kpélé-Kamé,Kpélé 2,Kpélé,Plateaux,100,59.4,0,396,8225,7357,3,0,21
B09055160,Kpélé-Gbalédzé,Kpélé 2,Kpélé,Plateaux,100,69.79,0,395,3552,3308,0,0,9
B09055161,Kpélé-Centre,Kpélé 2,Kpélé,Plateaux,99.39,49.01,23.96,560,4642,5874,1,0,12
B09054153,Kpélé-Govié,Kpélé 1,Kpélé,Plateaux,86.26,33.91,39.06,726,10372,8210,1,0,15
B09054154,Kpélé-Novivé,Kpélé 1,Kpélé,Plateaux,89.47,74.93,70.17,197,29516,26403,9,1,150
B09054155,Kpélé-Akata,Kpélé 1,Kpélé,Plateaux,100,60.67,0,517,7757,6709,3,0,15
B09054156,Kpélé-Dawlotou,Kpélé 1,Kpélé,Plateaux,63.58,21.14,0,3036,8376,8863,5,0,4
B10056162,Tohoun,Moyen-Mono 1,Moyen-Mono,Plateaux,100,85.72,91.3,743,17481,19311,1,1,26
B10056163,Tado,Moyen-Mono 1,Moyen-Mono,Plateaux,100,62.39,0,2157,14852,19060,2,0,9
B10056164,Ahassomè,Moyen-Mono 1,Moyen-Mono,Plateaux,100,15.71,0,1241,4817,4784,1,0,4
B10057165,Katomé,Moyen-Mono 2,Moyen-Mono,Plateaux,100,64.42,0,2051,6150,8164,0,0,4
B10057166,Kpékplémé,Moyen-Mono 2,Moyen-Mono,Plateaux,100,89.51,0,751,18225,20268,2,0,27
B10057167,Saligbé,Moyen-Mono 2,Moyen-Mono,Plateaux,100,78.99,0,1398,11332,15344,1,0,11
B11058168,Houdou,Ogou 1,Ogou,Plateaux,100,35.7,1.22,974,12271,12635,2,0,14
B11058169,Djama,Ogou 1,Ogou,Plateaux,100,58.92,0,2225,67455,66430,8,2,31
B11058170,Gnagna,Ogou 1,Ogou,Plateaux,100,57.31,0,182,40672,40652,3,0,226
B11059171,Katoré,Ogou 2,Ogou,Plateaux,59.37,72.96,0,333,6723,6433,4,0,22
B11059172,Datcha,Ogou 2,Ogou,Plateaux,100,65.44,0,2131,15561,15658,2,0,8
B11059173,Akparé,Ogou 2,Ogou,Plateaux,91.04,49.23,0,762,10075,9959,3,0,14
B11060174,Gléi,Ogou 3,Ogou,Plateaux,98.06,46.55,51.44,502,23986,39396,1,1,85
B11061175,Ountivou,Ogou 4,Ogou,Plateaux,86.43,38.18,0,1078,19850,18942,4,0,21
B12063180,Gbadi-N'kougna,Wawa 2,Wawa,Plateaux,100,63.17,0,383,3367,4561,1,0,13
B12063181,Ekéto,Wawa 2,Wawa,Plateaux,100,18.04,0,4058,1640,3518,0,0,1
B12063182,Gobé,Wawa 2,Wawa,Plateaux,100,30.14,0,636,1272,1133,1,0,2
B12062176,Kpété-Béna,Wawa 1,Wawa,Plateaux,100,64.53,0,432,11013,11501,3,0,34
B12062177,Tomégbé,Wawa 1,Wawa,Plateaux,100,62.94,0,376,4295,9828,1,0,28
B12062178,Badou,Wawa 1,Wawa,Plateaux,100,83.12,0,242,20762,20971,2,1,89
B12062179,Késsibo,Wawa 1,Wawa,Plateaux,100,73.48,0,505,8138,10304,1,0,21
B12064183,Klabé-Efoukpa,Wawa 3,Wawa,Plateaux,100,55.81,0,459,9305,10176,1,0,9
B12064184,Ounabé,Wawa 3,Wawa,Plateaux,100,90.44,0,871,242,4168,0,0,5
B12064185,Okou,Wawa 3,Wawa,Plateaux,100,42.39,0,1796,6700,8086,1,0,5
B12064186,Doumé,Wawa 3,Wawa,Plateaux,100,73.4,0,325,4095,4069,2,0,13
C01067198,Tintchro,Blitta 3,Blitta,Centrale,0,0,0,,1725,1633,3,0,0
C01067199,Welly,Blitta 3,Blitta,Centrale,2.42,13.33,0,4708,7688,6782,8,0,2
C01067200,Pagala-Village,Blitta 3,Blitta,Centrale,85.32,0,0,,2239,1916,1,0,0
C01067201,Tchifama,Blitta 3,Blitta,Centrale,4.83,0,0,,2577,2166,1,0,0
C01067204,Yégué,Blitta 3,Blitta,Centrale,0,0,0,,1164,1141,2,0,0
C01067202,Atchintsè,Blitta 3,Blitta,Centrale,0,43.25,0,3666,3090,3043,2,0,1
C01067203,Diguengué,Blitta 3,Blitta,Centrale,0,0,0,,59,727,0,0,0
C01067205,Dikpéléou,Blitta 3,Blitta,Centrale,0,0,0,,998,987,1,0,0
C01067206,Katchenkè,Blitta 3,Blitta,Centrale,0,0,0,,1428,1332,2,0,0
C01067207,M'Poti,Blitta 3,Blitta,Centrale,10.91,40.49,0,1088,2852,2804,2,0,3
C01065187,Pagala-Gare,Blitta 1,Blitta,Centrale,90.88,67.53,0,1058,17680,17346,9,1,17
C01065188,Waragni,Blitta 1,Blitta,Centrale,100,64.84,0.16,336,2349,2294,2,0,7
C01065189,Blitta-Village,Blitta 1,Blitta,Centrale,100,87.42,99.43,6202,80611,79536,4,0,13
C01065190,Blitta,Blitta 1,Blitta,Centrale,100,70.56,92.31,12288,98303,95351,5,1,8
C01065191,Yaloumbè,Blitta 1,Blitta,Centrale,100,83.29,0,148,2966,2749,3,0,20
C01065192,Tchaloudè,Blitta 1,Blitta,Centrale,82.01,56.72,0,621,5109,5351,3,0,10
C01065193,Doufouli,Blitta 1,Blitta,Centrale,100,0,0,,1593,1486,1,0,0
C01066194,Tcharè-Baou,Blitta 2,Blitta,Centrale,64.78,29.61,0,2095,6247,7591,2,0,4
C01066195,Koffiti,Blitta 2,Blitta,Centrale,100,3.33,0,,4605,5232,2,0,0
C01066196,Langabou,Blitta 2,Blitta,Centrale,81.47,0.09,0,,8824,9804,2,0,0
C01066197,Agbandi,Blitta 2,Blitta,Centrale,71,35.62,0,1309,6291,5361,4,1,5
C02068208,Kagnigbara,Mô 1,Mô,Centrale,0,23.08,0,95,165,173,2,0,2
C02068209,Boulohou,Mô 1,Mô,Centrale,0,76.47,0,125,341,1002,3,0,9
C02068210,Djarkpanga,Mô 1,Mô,Centrale,0,64.94,0,165,1776,2126,2,1,14
C02069211,Saïboudè,Mô 2,Mô,Centrale,0,45.51,0,1266,1619,2360,2,0,2
C02069212,Tindjasse,Mô 2,Mô,Centrale,0,43.56,0,433,1835,1861,2,0,5
C03070213,Tabindè,Sotouboua 1,Sotouboua,Centrale,27.15,16.9,0,2791,5340,4860,6,0,2
C03070214,Sotouboua,Sotouboua 1,Sotouboua,Centrale,12.31,73.21,77.66,159,20051,21141,7,1,141
C03070215,Kaniamboua,Sotouboua 1,Sotouboua,Centrale,0,86.26,2.29,180,1402,1340,0,0,8
C03071216,Séssaro,Sotouboua 2,Sotouboua,Centrale,0,23.21,0,1431,8488,7040,7,0,6
C03071217,Tittigbe,Sotouboua 2,Sotouboua,Centrale,0,40.33,0,580,6379,5953,6,0,11
C03071218,Aouda,Sotouboua 2,Sotouboua,Centrale,0,29.44,0,407,10711,9617,4,0,28
C03071219,Adjengré,Sotouboua 2,Sotouboua,Centrale,0,83,0,143,8875,8798,5,1,62
C03071220,Fazao,Sotouboua 2,Sotouboua,Centrale,0,0,0,,0,7,0,0,0
C03072221,Kazaboua,Sotouboua 3,Sotouboua,Centrale,80.05,32.6,0,359,2661,4770,3,0,15
C03072222,Bodjondè,Sotouboua 3,Sotouboua,Centrale,100,61.26,0,302,1787,1538,2,0,6
C03072223,Tchébébé,Sotouboua 3,Sotouboua,Centrale,99.56,79.07,0,175,13138,12356,4,0,76
C04073224,Affem,Tchamba 1,Tchamba,Centrale,0,28.98,0,2821,10130,8175,2,0,4
C04073225,Alibi I,Tchamba 1,Tchamba,Centrale,1.04,28.56,13.13,3417,9949,7712,4,0,3
C04073226,Larini,Tchamba 1,Tchamba,Centrale,0,64.88,84.03,6583,17667,17889,1,0,3
C04073227,Kri-Kri,Tchamba 1,Tchamba,Centrale,0,64.38,0,2340,3954,4007,2,0,2
C04073228,Tchamba,Tchamba 1,Tchamba,Centrale,0,72.37,66.37,1150,30434,41077,2,1,40
C04074229,Bago,Tchamba 2,Tchamba,Centrale,0,30.5,0,826,19221,24311,3,0,44
C04074230,Koussountou,Tchamba 2,Tchamba,Centrale,0,44.53,8.2,588,15185,20282,2,1,41
C04075231,Balanka,Tchamba 3,Tchamba,Centrale,0,71.58,3.52,745,6850,7331,1,0,11
C04075232,Goubi,Tchamba 3,Tchamba,Centrale,0,34.66,0,1076,15281,12941,5,0,17
C04075233,Kaboli,Tchamba 3,Tchamba,Centrale,0,51.3,52.51,818,20569,23921,2,1,40
C05077239,Lama-Tessi,Tchaoudjo 2,Tchaoudjo,Centrale,80.99,54.42,0,564,25042,23025,12,0,45
C05076234,Tchalo,Tchaoudjo 1,Tchaoudjo,Centrale,100,76.48,40.41,401,8902,8486,2,0,23
C05076235,Kadambara,Tchaoudjo 1,Tchaoudjo,Centrale,61.4,38.17,32.38,357,18427,15945,4,0,56
C05076236,Kparataou,Tchaoudjo 1,Tchaoudjo,Centrale,86.45,68.49,1.12,257,13830,13476,4,0,66
C05076237,Sokodè (Komah),Tchaoudjo 1,Tchaoudjo,Centrale,100,97.03,97.58,96,82445,82369,6,1,862
C05076238,Kpangalam,Tchaoudjo 1,Tchaoudjo,Centrale,100,91.08,85.02,149,38698,37603,5,1,261
C05078243,Amaïde,Tchaoudjo 3,Tchaoudjo,Centrale,99.82,52.46,0,207,3423,3325,2,0,20
C05078241,Aléhéridè,Tchaoudjo 3,Tchaoudjo,Centrale,99.75,79.08,0,225,5934,5666,1,1,27
C05078242,Kolina,Tchaoudjo 3,Tchaoudjo,Centrale,100,64.05,0,348,4134,3673,3,0,13
C05078240,Kéméni,Tchaoudjo 3,Tchaoudjo,Centrale,100,68.88,0,225,930,936,1,0,5
C05079244,Wassarabo,Tchaoudjo 4,Tchaoudjo,Centrale,100,68.78,0,179,1428,1594,1,0,10
C05079245,Kpassaouade,Tchaoudjo 4,Tchaoudjo,Centrale,65.42,54.16,1.6,315,2317,2585,2,0,10
C05079246,Agouloudè,Tchaoudjo 4,Tchaoudjo,Centrale,41.77,40.66,0,529,5849,5766,4,0,13
D01080247,Dako (Daoude),Assoli 1,Assoli,Kara,68.46,57.05,0,654,4565,5266,1,0,9
D01080248,Bouladè,Assoli 1,Assoli,Kara,100,49.71,30.25,752,5262,4606,3,0,7
D01080249,Bafilo,Assoli 1,Assoli,Kara,100,91.88,92.91,119,17817,17478,3,1,153
D01081250,Alédjo,Assoli 2,Assoli,Kara,100,79.71,0,367,6608,6476,4,0,18
D01081251,Koumondè,Assoli 2,Assoli,Kara,100,99.52,18.33,224,2906,2892,1,0,13
D01082252,Soudou,Assoli 3,Assoli,Kara,100,49.28,0.5,297,7285,6614,3,0,28
D02083253,Baghan,Bassar 1,Bassar,Kara,16.17,74.47,0,183,1521,1367,2,0,9
D02083254,Bassar,Bassar 1,Bassar,Kara,98.61,82.37,78.58,169,39711,39438,9,1,257
D02083255,Kalanga,Bassar 1,Bassar,Kara,100,39.8,0,810,2818,4718,1,0,7
D02084256,Dimori,Bassar 2,Bassar,Kara,42.14,36.97,0,1003,4964,8371,1,0,10
D02084257,Bitchabe,Bassar 2,Bassar,Kara,92.4,44.11,0,1383,5125,5209,3,0,4
D02084258,Bangeli,Bassar 2,Bassar,Kara,100,42.43,0,287,8385,9564,4,1,40
D02085259,Manga,Bassar 3,Bassar,Kara,100,28.24,0,519,1879,3927,1,0,10
D02085260,Kabou,Bassar 3,Bassar,Kara,99.51,68.37,67.52,384,21774,22276,3,1,70
D02086261,Sanda-Afohou,Bassar 4,Bassar,Kara,100,77.53,0,312,3337,3576,1,0,12
D02086262,Sanda-Kagbanda,Bassar 4,Bassar,Kara,100,73.91,0,235,3646,3478,2,0,17
D03087263,Solla,Binah 1,Binah,Kara,68.72,35.58,0,731,8230,7290,2,0,12
D03087264,Pessaré,Binah 1,Binah,Kara,100,62.38,0,806,5643,5544,1,0,7
D03087265,Boufalé,Binah 1,Binah,Kara,100,30.29,0,373,4417,3728,1,0,12
D03087266,Pitikita,Binah 1,Binah,Kara,100,16.41,0,2421,4843,4460,1,0,2
D03087267,Lama-Dessi,Binah 1,Binah,Kara,100,73.53,0,624,7485,7080,1,0,12
D03087268,Pagouda,Binah 1,Binah,Kara,100,76.75,0,327,15392,14986,7,1,47
D03088269,Sirka,Binah 2,Binah,Kara,100,41.73,0,637,6523,7054,6,0,12
D03088270,Kétao,Binah 2,Binah,Kara,100,94.76,0,136,13392,13355,1,1,99
D03088271,Kémérida,Binah 2,Binah,Kara,100,83.81,0,629,5283,5440,2,0,9
D04089272,Naompoch,Dankpen 1,Dankpen,Kara,91.25,37.02,0,1566,7119,10210,2,0,8
D04089273,Katchamba,Dankpen 1,Dankpen,Kara,24.18,32.83,0,1188,5133,7484,2,0,7
D04089274,Guérin-Kouka,Dankpen 1,Dankpen,Kara,99.95,58.65,66.54,448,34366,39574,1,1,96
D04089275,Koulféikou,Dankpen 1,Dankpen,Kara,0,73.35,0,1575,12620,14801,1,0,11
D04090276,Namon,Dankpen 2,Dankpen,Kara,9.19,50.76,0,1060,8893,8093,1,0,10
D04090277,Natchiboré,Dankpen 2,Dankpen,Kara,21.62,33.58,0,2449,2922,9038,0,0,6
D04090278,Natchitikpi,Dankpen 2,Dankpen,Kara,100,26.67,0,953,4023,4531,1,0,7
D04090279,Koutchitchéou,Dankpen 2,Dankpen,Kara,98.22,55.84,0,1091,1292,6382,0,0,8
D04091280,Nawaré,Dankpen 3,Dankpen,Kara,98.42,14.35,0,4811,6924,19565,1,0,5
D04091281,Bapuré,Dankpen 3,Dankpen,Kara,100,44.65,0,1582,19979,29622,2,1,20
D04091282,Nandouta,Dankpen 3,Dankpen,Kara,11.92,24.55,0,4726,11561,18189,3,0,5
D04091283,Kidjabou,Dankpen 3,Dankpen,Kara,42.68,6.29,0,3799,5738,22423,1,0,7
D05092285,Agbandè-Yaka,Doufelgou 1,Doufelgou,Kara,100,45.25,67.54,1311,5001,3041,1,0,4
D05092286,Niamtougou,Doufelgou 1,Doufelgou,Kara,100,97.51,99.62,250,16257,16114,3,1,65
D05092284,Siou,Doufelgou 1,Doufelgou,Kara,100,87.53,0,435,10879,10805,6,1,25
D05092287,Ténéga,Doufelgou 1,Doufelgou,Kara,100,67.46,0,1248,3743,3650,3,0,3
D05092288,Baga,Doufelgou 1,Doufelgou,Kara,100,88.48,94.53,695,7642,7553,4,0,11
D05092289,Pouda,Doufelgou 1,Doufelgou,Kara,100,0,0,,2919,2495,1,0,0
D05092290,Massédéna,Doufelgou 1,Doufelgou,Kara,69.7,0,0,,1795,1611,1,0,0
D05092291,Koka,Doufelgou 1,Doufelgou,Kara,100,86.5,65.19,768,4610,4290,3,0,6
D05093293,Alloum,Doufelgou 2,Doufelgou,Kara,61.36,35.31,0,240,2023,2916,2,0,15
D05093292,Léon,Doufelgou 2,Doufelgou,Kara,45.1,42.77,0,298,2031,1365,3,0,7
D05093294,Kadjalla,Doufelgou 2,Doufelgou,Kara,62.42,28.86,0,253,3269,2576,2,0,15
D05093295,Tchoré,Doufelgou 2,Doufelgou,Kara,100,51.95,0,254,762,600,1,0,3
D05093296,Défalé,Doufelgou 2,Doufelgou,Kara,100,2.06,0,,227,116,0,0,27
D05093297,Kpaha,Doufelgou 2,Doufelgou,Kara,100,50.83,0,536,1320,1476,1,0,3
D06096304,Nadoba,Kéran 3,Kéran,Kara,0,35.24,0,1782,12769,13091,1,0,9
D06096305,Warengo,Kéran 3,Kéran,Kara,0,11.81,0,6024,458,5414,0,0,1
D06096306,Koutougou,Kéran 3,Kéran,Kara,0,0,0,,652,2423,1,0,0
D06094298,Kantè,Kéran 1,Kéran,Kara,74.64,74.76,85.6,407,30612,28191,9,1,77
D06094299,Pessidè,Kéran 1,Kéran,Kara,7.04,9.07,6.56,2406,16658,10464,8,0,8
D06094300,Akpontè,Kéran 1,Kéran,Kara,3.73,10.39,0,870,5041,2237,3,0,6
D06095301,Hélota,Kéran 2,Kéran,Kara,0,27.64,0,922,11275,7543,6,0,13
D06095302,Ossacré,Kéran 2,Kéran,Kara,0,60.29,0,683,11549,10134,4,0,17
D06095303,Ataloté,Kéran 2,Kéran,Kara,3.92,32.85,0,1812,14430,8304,13,0,8
D07097307,Landa,Kozah 1,Kozah,Kara,100,94.55,0,302,9059,9044,12,0,30
D07097308,Soumdina,Kozah 1,Kozah,Kara,100,87.22,0,364,6910,6879,2,0,19
D07097309,Lassa,Kozah 1,Kozah,Kara,100,82.28,0,280,16806,16762,8,0,60
D07097310,Commune De Kara,Kozah 1,Kozah,Kara,100,98.09,91.61,85,107435,106957,13,2,1257
D07098313,Pya,Kozah 2,Kozah,Kara,100,95.5,0,346,13859,13635,5,1,40
D07098314,Tchitchao,Kozah 2,Kozah,Kara,100,86.35,0,1002,9009,8706,5,0,9
D07098315,Bohou,Kozah 2,Kozah,Kara,100,64.26,1.51,609,12181,12036,6,0,20
D07098316,Sara-Kawa,Kozah 2,Kozah,Kara,100,53.33,0,511,4350,3602,3,0,9
D07098317,Yadè,Kozah 2,Kozah,Kara,100,89,3.65,467,7468,7397,0,0,16
D07098311,Kouméa,Kozah 2,Kozah,Kara,100,84.6,0,392,9811,9776,9,1,25
D07098312,Tcharè,Kozah 2,Kozah,Kara,100,87.05,0,399,3189,3079,2,0,8
D07099318,Awandjélo,Kozah 3,Kozah,Kara,100,52.33,0,467,10275,9029,10,0,22
D07099319,Kpinzindè,Kozah 3,Kozah,Kara,99.61,41.32,0,651,7806,6457,17,0,12
D07100320,Djamdè,Kozah 4,Kozah,Kara,100,65.38,0,320,2393,2584,2,0,10
D07100321,Atchangbadè,Kozah 4,Kozah,Kara,100,41.54,0,726,16710,17600,2,1,25
E01102326,Biankouri,Cinkassé 2,Cinkassé,Savanes,100,46.78,20.97,872,13947,12951,3,0,16
E01102328,Timbou,Cinkassé 2,Cinkassé,Savanes,100,59.81,0.36,742,17075,16595,2,0,23
E01102327,Nadjoundi,Cinkassé 2,Cinkassé,Savanes,100,50.81,0,571,9708,9310,2,0,17
E01102329,Sam-Naba,Cinkassé 2,Cinkassé,Savanes,100,74.94,0.28,479,9572,9128,1,0,20
E01101322,Gouloungoussi,Cinkassé 1,Cinkassé,Savanes,100,46,0,1836,3671,3404,1,0,2
E01101323,Noaga,Cinkassé 1,Cinkassé,Savanes,100,0,0,,702,409,0,0,0
E01101324,Boadé,Cinkassé 1,Cinkassé,Savanes,100,55.68,0,809,1893,2418,0,0,3
E02103330,Tambigou,Kpendjal 1,Kpendjal,Savanes,0,24.44,0,4536,0,2306,0,0,1
E02103331,Koundjoaré,Kpendjal 1,Kpendjal,Savanes,0,55.56,0,1037,14819,14933,3,0,18
E02103332,Mandouri,Kpendjal 1,Kpendjal,Savanes,0,41.46,0,812,12270,12321,2,1,17
E02104333,Borgou,Kpendjal 2,Kpendjal,Savanes,0,17.57,0,3917,11442,15494,4,0,5
E03105334,Naki-Est,Kpendjal-Ouest 1,Kpendjal-Ouest,Savanes,77.63,66.81,0,548,25591,22729,7,0,47
E03105335,Nayéga,Kpendjal-Ouest 1,Kpendjal-Ouest,Savanes,65.74,55.87,0,1140,6842,6320,2,0,6
E03105336,Ogaro,Kpendjal-Ouest 1,Kpendjal-Ouest,Savanes,1.06,51.35,0,1086,21151,18781,5,0,20
E03106337,Papri,Kpendjal-Ouest 2,Kpendjal-Ouest,Savanes,100,66.58,0,938,18756,18068,2,0,20
E03106338,Tambonga,Kpendjal-Ouest 2,Kpendjal-Ouest,Savanes,100,53.19,0,998,8983,7607,2,0,9
E03106339,Namoundjoga,Kpendjal-Ouest 2,Kpendjal-Ouest,Savanes,99.87,38.21,0,879,9556,8855,2,0,11
E03106340,Pogno,Kpendjal-Ouest 2,Kpendjal-Ouest,Savanes,43.34,38.44,0,1040,16220,15838,4,0,16
E04109341,Mango,Oti 1,Oti,Savanes,100,85.39,86.85,257,47266,48857,4,1,202
E04109342,Sadori,Oti 1,Oti,Savanes,100,33.03,0,2087,7577,7019,1,0,5
E04109343,Faré,Oti 1,Oti,Savanes,19.44,40.28,0,5259,5206,3509,1,0,1
E04110344,Barkoissi,Oti 2,Oti,Savanes,100,72.15,0,344,35836,35756,7,1,108
E04110345,Nagbéni,Oti 2,Oti,Savanes,75.44,49.24,0,1078,21786,20812,8,0,23
E04110346,Tchanaga,Oti 2,Oti,Savanes,80.88,16.24,0,1246,3826,4742,2,0,5
E04110347,Galangashie,Oti 2,Oti,Savanes,100,49.49,0,913,10296,10391,2,0,16
E05107348,Sagbiebou,Oti-Sud 1,Oti-Sud,Savanes,100,57.33,0,385,8673,10391,4,0,33
E05107349,Tchamonga,Oti-Sud 1,Oti-Sud,Savanes,22.13,23.69,0,2143,4921,15145,1,0,11
E05107350,Mogou,Oti-Sud 1,Oti-Sud,Savanes,100,21.27,0.19,1304,6745,10992,1,0,13
E05107351,Gando,Oti-Sud 1,Oti-Sud,Savanes,99.97,61.7,60.75,491,24911,23950,5,1,63
E05108352,Kountoire,Oti-Sud 2,Oti-Sud,Savanes,13.36,22.04,0,1026,8480,9294,2,0,15
E06108355,Takpamba,Oti-Sud 2,Oti-Sud,Savanes,0,38,0,772,6648,7693,2,0,12
E05108353,Koumongou,Oti-Sud 2,Oti-Sud,Savanes,65.52,43.44,0,1124,7662,7883,1,0,9
E05108354,Nali,Oti-Sud 2,Oti-Sud,Savanes,0,26.25,0,2730,4363,5807,1,0,3
E06111361,Nandoga,Tandjoaré 1,Tandjoaré,Savanes,100,49.88,0,1532,6126,5908,3,0,4
E06111356,Loko,Tandjoaré 1,Tandjoaré,Savanes,100,37.7,0,3194,3194,2682,3,0,1
E06111357,Pligou,Tandjoaré 1,Tandjoaré,Savanes,100,30.73,0,1400,8401,7286,0,0,6
E06111358,Bombouaka,Tandjoaré 1,Tandjoaré,Savanes,100,56.83,0,558,9483,9084,5,1,17
E06111359,Goundoga,Tandjoaré 1,Tandjoaré,Savanes,100,67.17,0,679,5434,4997,5,0,8
E06111360,Bogou,Tandjoaré 1,Tandjoaré,Savanes,100,47.59,0,1325,15895,15661,6,0,12
E06111362,Boulogou,Tandjoaré 1,Tandjoaré,Savanes,100,0.63,0,,7210,6703,4,0,0
E06111363,Tamongue,Tandjoaré 1,Tandjoaré,Savanes,99.81,48.13,0,1226,19204,21412,6,0,18
E06112364,Bagou,Tandjoaré 2,Tandjoaré,Savanes,100,14.51,0,3319,3319,2860,5,0,1
E06112365,Nano,Tandjoaré 2,Tandjoaré,Savanes,100,79.7,0,481,16271,16662,3,0,36
E06112366,Sissiak,Tandjoaré 2,Tandjoaré,Savanes,100,51,0,1016,26416,24873,10,0,26
E06112367,Tampialime,Tandjoaré 2,Tandjoaré,Savanes,99.1,65.5,0,764,840,11522,0,0,16
E06112368,Mamproug,Tandjoaré 2,Tandjoaré,Savanes,98.18,0,0,,7428,6803,4,0,0
E06112369,Doukpergou,Tandjoaré 2,Tandjoaré,Savanes,100,45.85,0,680,6600,6307,5,0,10
E06112370,Sangou,Tandjoaré 2,Tandjoaré,Savanes,100,0,0,,429,3688,0,0,0
E06112371,Lokpano,Tandjoaré 2,Tandjoaré,Savanes,100,20.6,0,1818,6615,6367,2,0,4
E07116386,Louanga,Tône 4,Tône,Savanes,100,49.71,0,1181,10569,9685,1,0,9
E07116387,Kantindi,Tône 4,Tône,Savanes,100,40.16,0,372,10797,10568,1,0,29
E07116388,Sanfatoute,Tône 4,Tône,Savanes,100,45.42,0,606,10298,10179,2,0,17
E07116389,Korbongou,Tône 4,Tône,Savanes,100,57.68,0,431,51740,48985,14,0,120
E07113372,Poissongui,Tône 1,Tône,Savanes,100,38.61,0,719,7906,7430,1,0,11
E07113373,Kourientre,Tône 1,Tône,Savanes,100,22.24,0,1486,11888,11616,3,0,8
E07113374,Dapaong,Tône 1,Tône,Savanes,100,87.31,79.63,174,150642,148834,21,1,869
E07113375,Toaga,Tône 1,Tône,Savanes,100,52.64,16.34,571,14848,13945,1,0,26
E07113376,Natigou,Tône 1,Tône,Savanes,100,22.87,0,2761,8284,8245,0,0,3
E07113377,Pana,Tône 1,Tône,Savanes,100,57.66,0,660,12424,11910,6,0,19
E07113378,Bidjenga,Tône 1,Tône,Savanes,100,50.56,0,809,8083,7596,1,0,10
E07114379,Nanergou,Tône 2,Tône,Savanes,100,53.71,0,526,9552,11328,1,0,22
E07114380,Namaré,Tône 2,Tône,Savanes,100,42.71,0,1377,9795,11392,0,0,9
E07114381,Naki-Ouest,Tône 2,Tône,Savanes,99.97,50.79,0,642,22929,27170,3,0,45
E07115382,Nioukpourma,Tône 3,Tône,Savanes,100,58.62,0.76,782,18757,17687,5,0,24
E07115384,Lotogou,Tône 3,Tône,Savanes,100,45.1,0,939,16334,15661,2,0,18
E07115385,Warkambou,Tône 3,Tône,Savanes,93,50.8,0,680,3345,7056,0,0,11
E07115383,Tami,Tône 3,Tône,Savanes,81.59,39.31,0,1011,26320,26512,2,0,30
