canton_id,region,prefecture,commune,canton,couverture_mobile_pct,mm_1km_pct,togocom_5km_pct,habitants_par_mm,marches_5km_habitants,ecoles_15km_habitants,marches_nb,postes_nb,n_banques,n_mfi,n_poste,n_distributeurs
A01001001,Maritime,Agoè-Nyivé,Agoè-Nyivé 1,Agoè-Nyivé,100,93.26,100,848,378351,378351,5,4,7,22,4,9
A01002002,Maritime,Agoè-Nyivé,Agoè-Nyivé 2,Légbassito,100,84.1,100,4288,158640,158640,3,1,0,6,1,0
A01003003,Maritime,Agoè-Nyivé,Agoè-Nyivé 3,Vakpossito,100,100,100,277,72792,72792,1,1,1,5,1,1
A01004004,Maritime,Agoè-Nyivé,Agoè-Nyivé 4,Togblekope,100,67.33,100,660,170336,170336,5,1,3,2,1,2
A01005005,Maritime,Agoè-Nyivé,Agoè-Nyivé 5,Sanguera,100,84.71,100,2191,212574,212574,4,2,0,5,2,1
A01006006,Maritime,Agoè-Nyivé,Agoè-Nyivé 6,Adétikopé,100,86.85,100,195,57874,57868,2,1,1,7,1,1
A02007007,Maritime,Avé,Avé 1,Kévé,99.92,56.69,43.24,1101,5751,11406,1,1,1,2,1,0
A02007008,Maritime,Avé,Avé 1,Assahoun,61.95,70.16,73.92,241,8252,9923,2,0,2,3,0,2
A02007009,Maritime,Avé,Avé 1,Tovégan,6.11,25.69,0,1646,8852,12931,2,0,0,1,0,0
A02007010,Maritime,Avé,Avé 1,Ando,0,16.39,3.23,2096,4834,8661,1,0,0,0,0,0
A02007011,Maritime,Avé,Avé 1,Zolo,44.17,70.32,27.96,601,5122,5757,1,0,0,1,0,0
A02008013,Maritime,Avé,Avé 2,Aképé,100,70.33,43.91,560,12200,12242,2,0,0,2,0,0
A02008014,Maritime,Avé,Avé 2,Badja,100,47.74,0,838,6142,7483,1,0,0,1,0,0
A02008012,Maritime,Avé,Avé 2,Noépé,100,72.99,0,465,7444,7483,1,0,0,1,0,0
A03009015,Maritime,Bas-Mono,Bas-Mono 1,Kpétsou,100,70.47,11.36,704,13354,13339,2,0,0,0,0,0
A03009016,Maritime,Bas-Mono,Bas-Mono 1,Afagnan-Gbléta,100,44.84,53.5,857,35994,35994,3,1,0,0,1,0
A03009017,Maritime,Bas-Mono,Bas-Mono 1,Afagnangan,100,92.48,96.07,238,20884,20654,1,0,0,2,0,0
A03010018,Maritime,Bas-Mono,Bas-Mono 2,Attitogon,100,69.11,6.16,1194,27462,27354,2,0,0,1,0,0
A03010019,Maritime,Bas-Mono,Bas-Mono 2,Hompou,100,17.12,0,5789,5693,5779,0,0,0,0,0,0
A03010020,Maritime,Bas-Mono,Bas-Mono 2,Agome-Glozou,100,59.76,6.31,1024,6146,6028,3,0,0,0,0,0
A04013024,Maritime,Golfe,Golfe 3,Bè-Ouest,100,94.61,100,489,137458,135786,4,6,14,7,6,18
A04015026,Maritime,Golfe,Golfe 5,Aflao-Gakli,100,100,100,200,212655,212655,6,3,22,23,3,12
A04016027,Maritime,Golfe,Golfe 6,Baguida,100,96.55,99.71,450,216740,216740,7,2,10,12,2,8
A04017028,Maritime,Golfe,Golfe 7,Aflao-Sagbado,100,80.63,97.81,563,437169,437268,3,2,0,14,2,2
A04014025,Maritime,Golfe,Golfe 4,Amoutivé,100,100,100,135,109069,109069,9,2,20,3,2,18
A04011022,Maritime,Golfe,Golfe 1,Bè-Est,100,97.26,99.94,193,242446,242446,14,2,27,25,2,21
A04012023,Maritime,Golfe,Golfe 2,Bè-Centre,100,100,100,320,145401,145401,4,2,7,2,2,14
A05018029,Maritime,Lacs,Lacs 1,Aného,100,100,0,258,14682,14682,1,1,1,0,1,0
A05018030,Maritime,Lacs,Lacs 1,Glidji,100,72,0,37,1173,1163,3,0,0,0,0,0
A05018031,Maritime,Lacs,Lacs 1,Canton D’Aneho,100,100,0,75,6206,6206,2,0,6,3,0,0
A05019032,Maritime,Lacs,Lacs 2,Aklakou,99.93,75.49,0,507,12098,12984,1,1,1,1,1,0
A05019033,Maritime,Lacs,Lacs 2,Agouégan,100,51.94,0,1293,10639,15330,1,0,0,0,0,0
A05020034,Maritime,Lacs,Lacs 3,Agbodrafo,100,99.81,0,274,49029,49029,3,1,1,2,1,0
A05021035,Maritime,Lacs,Lacs 4,Anfoin,100,85.53,0,250,11753,11753,1,1,1,2,1,0
A05021036,Maritime,Lacs,Lacs 4,Fiata,100,66.01,0,688,16753,17058,2,0,0,0,0,0
A05021037,Maritime,Lacs,Lacs 4,Ganavé,100,84.33,0,453,6342,6323,1,0,0,0,0,0
A06022038,Maritime,Vo,Vo 1,Vogan,100,57.73,0,325,51932,56928,2,1,4,4,1,3
A06022039,Maritime,Vo,Vo 1,Vo-Koutimé,100,88.93,0,619,22270,22270,3,0,0,0,0,0
A06023040,Maritime,Vo,Vo 2,Togoville,100,96.82,0,191,8576,8523,4,0,0,1,0,0
A06023041,Maritime,Vo,Vo 2,Anyron-Kopé,100,47.92,0,60,422,413,2,0,0,0,0,0
A06024042,Maritime,Vo,Vo 3,Dagbati,100,36.06,0.14,1311,32918,34007,2,0,0,0,0,0
A06024043,Maritime,Vo,Vo 3,Dzrékpo,100,78.89,0,392,22377,22712,2,0,0,2,0,0
A06024044,Maritime,Vo,Vo 3,Mome-Hounkpati,100,82.36,0.19,586,8937,9377,1,0,0,0,0,0
A06025045,Maritime,Vo,Vo 4,Sévagan,100,36.47,0,249,3738,3738,1,0,0,0,0,0
A06025046,Maritime,Vo,Vo 4,Hahotoé,100,96.55,0,296,16176,16273,1,1,1,4,1,0
A06025047,Maritime,Vo,Vo 4,Akoumapé,100,79.6,0,424,18112,18012,2,0,0,1,0,0
A07026048,Maritime,Yoto,Yoto 1,Tabligbo,100,97.65,99.66,574,31499,31287,3,1,4,4,1,1
A07026049,Maritime,Yoto,Yoto 1,Amoussimé,100,66.4,39.11,1892,13242,13230,0,0,0,0,0,0
A07026050,Maritime,Yoto,Yoto 1,Kouvé,99.33,77.62,0,1485,26050,24559,6,0,0,2,0,0
A07026051,Maritime,Yoto,Yoto 1,Kini-Kondji,100,64.84,48.06,1824,3614,3543,1,0,0,0,0,0
A07027052,Maritime,Yoto,Yoto 2,Tchékpo,100,92.41,0,569,15314,15020,3,0,0,2,0,0
A07027053,Maritime,Yoto,Yoto 2,Ahépé,100,95.42,0,1133,19234,19234,1,1,1,3,1,1
A07027054,Maritime,Yoto,Yoto 2,Zafi,100,77.21,0,2350,16438,15168,7,0,0,0,0,0
A07028055,Maritime,Yoto,Yoto 3,Gboto,100,76.29,0,1870,16821,16762,3,0,0,2,0,0
A07028056,Maritime,Yoto,Yoto 3,Tométy-Kondji,100,21.11,0,4349,8699,8687,4,0,0,0,0,0
A07028057,Maritime,Yoto,Yoto 3,Sendome,100,52.08,0,3684,7333,6827,1,0,0,0,0,0
A07028058,Maritime,Yoto,Yoto 3,Essé-Godjin,100,25.6,0,2621,6486,7486,0,0,0,0,0,0
A07028059,Maritime,Yoto,Yoto 3,Tokpli,100,78.31,0,1268,13948,13937,3,0,1,0,0,1
A08032074,Maritime,Zio,Zio 4,Gapé-Centre,93.19,29.39,0,545,16383,20578,3,0,0,3,0,0
A08032075,Maritime,Zio,Zio 4,Gapé-Kpodji,80.81,56.98,0,397,647,2761,0,0,0,0,0,0
A08029060,Maritime,Zio,Zio 1,Tsévié,100,93.73,94.96,322,50443,49635,4,1,4,7,1,4
A08029061,Maritime,Zio,Zio 1,Davié,100,97.36,82.04,199,26881,30036,0,0,0,0,0,0
A08029062,Maritime,Zio,Zio 1,Gblainvié,100,55.28,25.93,561,3208,4017,1,0,0,0,0,0
A08029063,Maritime,Zio,Zio 1,Abobo,100,52.74,75.94,776,21715,21371,4,0,0,0,0,0
A08029064,Maritime,Zio,Zio 1,Djagblé,100,84.5,100,1009,26238,26238,0,1,0,6,1,0
A08029065,Maritime,Zio,Zio 1,Kpomé,100,82.05,14.09,108,2367,2302,2,0,0,0,0,0
A08029066,Maritime,Zio,Zio 1,Dalavé,100,54.67,70.46,408,15988,19913,0,0,0,1,0,0
A08029067,Maritime,Zio,Zio 1,Gbatopé,100,88.67,0,176,10855,10356,6,0,0,1,0,0
A08030068,Maritime,Zio,Zio 2,Mission-Tové,100,91.27,44.37,517,21180,21056,1,0,0,3,0,0
A08030069,Maritime,Zio,Zio 2,Kovié,100,71.77,0,990,10560,13536,2,0,0,2,0,0
A08030070,Maritime,Zio,Zio 2,Wli,100,88.31,21.1,415,2389,3079,0,0,0,0,0,0
A08030071,Maritime,Zio,Zio 2,Bolou,100,68.83,26.5,295,5031,4756,1,0,0,0,0,0
A08031072,Maritime,Zio,Zio 3,Gamé,,,,,,,0,0,0,0,0,0
A08031073,Maritime,Zio,Zio 3,Agbélouvé,98.4,59.68,36.28,299,30066,33872,16,1,1,4,1,0
B01032079,Plateaux,Agou,Agou 1,Kati,100,94.12,0,267,3200,3058,2,0,0,1,0,0
B01033080,Plateaux,Agou,Agou 1,Agou-Nyogbo-Dzidjole,100,100,100,81,1382,1382,1,0,0,0,0,0
B01033081,Plateaux,Agou,Agou 1,Agou-Kébo,100,63.24,100,1144,2288,2276,0,0,0,0,0,0
B01033076,Plateaux,Agou,Agou 1,Agou-Nyogbo-Agbétiko,100,39.4,6.32,174,3983,3369,2,0,0,0,0,0
B01033077,Plateaux,Agou,Agou 1,Agou-Akplolo,100,82.87,0,106,1247,1112,2,0,0,0,0,0
B01033078,Plateaux,Agou,Agou 1,Agou-Iboé,100,44.29,0,823,1647,1559,1,0,0,0,0,0
B01033082,Plateaux,Agou,Agou 1,Agou-Tavié,100,93.91,95.8,244,11455,11256,3,1,1,2,1,0
B01033083,Plateaux,Agou,Agou 1,Agou-Atigbé,100,38.08,76.71,2147,2023,1959,0,0,0,0,0,0
B01033084,Plateaux,Agou,Agou 1,Gadja,100,61.19,4.99,306,17004,15704,2,0,0,2,0,0
B01033085,Plateaux,Agou,Agou 1,Assahoun-Fiagbé,100,50.3,1.81,2923,341,2770,0,0,0,0,0,0
B01033086,Plateaux,Agou,Agou 1,Klonou,,,,,,,0,0,0,0,0,0
B01034087,Plateaux,Agou,Agou 2,Amoussou-Kopé,42.15,64.93,0,249,11143,10057,2,0,0,0,0,0
B01034088,Plateaux,Agou,Agou 2,Agotimé-Sud (Adzakpa),0,8.46,0,5074,429,2950,0,0,0,0,0,0
B01034089,Plateaux,Agou,Agou 2,Agotimé-Nord,51.08,37.09,0,2858,3723,10046,2,0,0,0,0,0
B02035090,Plateaux,Akébou,Akébou 1,Djon,100,28.76,0,1378,9239,10808,1,0,0,0,0,0
B02035091,Plateaux,Akébou,Akébou 1,Veh,100,45.28,0,945,3464,3727,1,0,0,0,0,0
B02035092,Plateaux,Akébou,Akébou 1,Kougnohou,100,82.36,0,230,8850,9776,1,1,0,2,1,0
B02035093,Plateaux,Akébou,Akébou 1,Gbendè,100,35.29,0,1874,3496,3590,2,0,0,0,0,0
B02035094,Plateaux,Akébou,Akébou 1,Yalla,4.7,69.27,0,818,31,4756,0,0,0,0,0,0
B02036095,Plateaux,Akébou,Akébou 2,Sérégbénè,51.67,42.8,0,1751,5092,8421,1,0,0,0,0,0
B02036096,Plateaux,Akébou,Akébou 2,Kpalavé,12.28,33.39,0,3836,6803,7181,2,0,0,0,0,0
B02036097,Plateaux,Akébou,Akébou 2,Kamina-Akébou,19.87,31.14,0,794,11192,11655,3,0,0,0,0,0
B03037099,Plateaux,Amou,Amou 1,Imlè-Adiva,100,40.93,0,1244,8355,6228,3,0,0,0,0,0
B03037098,Plateaux,Amou,Amou 1,Adiva,100,78.33,0,384,1536,1336,1,0,0,0,0,0
B03037100,Plateaux,Amou,Amou 1,Amlamé (Ouma),100,72.99,0,438,13565,13150,2,1,0,1,1,0
B03038101,Plateaux,Amou,Amou 2,Kpatégan,100,14.72,0,2009,2680,12350,0,0,0,0,0,0
B03038102,Plateaux,Amou,Amou 2,Ekpégnon,100,11.29,0,6091,5863,5081,3,0,0,0,0,0
B03038103,Plateaux,Amou,Amou 2,Amou-Oblo,100,49.47,0,990,13283,16190,2,1,0,4,1,0
B03038104,Plateaux,Amou,Amou 2,Sodo,100,33.64,0,1476,6827,6236,3,0,0,0,0,0
B03039105,Plateaux,Amou,Amou 3,Gamé,81.78,0,0,,2024,3805,1,0,0,0,0,0
B03039106,Plateaux,Amou,Amou 3,Otadi,100,87,0,300,1593,4282,1,0,0,0,0,0
B03039107,Plateaux,Amou,Amou 3,Hihéatro,100,75.83,0,726,17486,19533,2,1,0,0,1,0
B03039108,Plateaux,Amou,Amou 3,Okpahoé,100,0.4,0,,0,1938,0,0,0,0,0,0
B03039109,Plateaux,Amou,Amou 3,Evou,100,91.16,0,253,7071,6946,3,0,0,0,0,0
B03039110,Plateaux,Amou,Amou 3,Témédja,100,84.2,0,312,9345,8595,1,0,0,1,0,0
B04040112,Plateaux,Anié,Anié 1,Pallakoko,100,51.88,0.34,1146,6742,16671,1,0,0,0,0,0
B04040113,Plateaux,Anié,Anié 1,Anié,100,74.35,74.36,459,88981,91946,10,1,4,5,1,2
B04040114,Plateaux,Anié,Anié 1,Kolo-Kopé,99.89,45.47,0,1625,18033,17036,3,0,0,0,0,0
B04041115,Plateaux,Anié,Anié 2,Adogbénou,0,24.03,0,963,19243,23593,5,0,0,1,0,0
B04041116,Plateaux,Anié,Anié 2,Atchinédji,21.51,31.8,0,1142,9724,7579,5,0,0,0,0,0
B04041117,Plateaux,Anié,Anié 2,Glitto,3.49,15.77,0,2831,13629,19338,2,0,0,0,0,0
B05042118,Plateaux,Danyi,Danyi 1,Danyi-Atigba,100,95.24,0.68,215,15586,15995,3,1,0,2,1,0
B05042120,Plateaux,Danyi,Danyi 1,Danyi-Kakpa,100,81.49,3.52,160,112,3471,0,0,0,0,0,0
B05042119,Plateaux,Danyi,Danyi 1,Yikpa,100,63.41,13.11,961,1151,1910,0,0,0,0,0,0
B05043121,Plateaux,Danyi,Danyi 2,Danyi-Kpeto-Evita,100,41.18,0,501,2371,2902,0,0,0,0,0,0
B05043122,Plateaux,Danyi,Danyi 2,Danyi-Elavagnon,100,69.64,0,232,6003,5915,2,0,0,1,0,0
B05043123,Plateaux,Danyi,Danyi 2,Ahlon,100,81.23,0,447,1494,4405,0,0,0,0,0,0
B06044124,Plateaux,Est-Mono,Est-Mono 1,Elavagnon,88.01,37.6,0,1065,34303,51746,3,1,0,1,1,0
B06044125,Plateaux,Est-Mono,Est-Mono 1,Gbadjahè,90.24,38.73,0,1057,11561,13306,2,0,0,0,0,0
B06045126,Plateaux,Est-Mono,Est-Mono 2,Morétan,74.87,30.59,0,1137,28628,43655,3,0,0,1,0,0
B06045127,Plateaux,Est-Mono,Est-Mono 2,Badin-Copé,25.17,53.36,0,628,14554,15001,6,0,0,0,0,0
B06045128,Plateaux,Est-Mono,Est-Mono 2,Kamina,14.03,49.33,0,769,12374,11687,4,0,0,0,0,0
B06046129,Plateaux,Est-Mono,Est-Mono 3,Kpéssi,100,18.92,0,1786,5854,8231,2,0,0,0,0,0
B06046130,Plateaux,Est-Mono,Est-Mono 3,Nyamassila,100,41.33,0,506,6206,15530,0,0,0,1,0,0
B07047131,Plateaux,Haho,Haho 1,Notsé,100,90.92,91.51,593,63853,65951,2,1,3,10,1,2
B07047132,Plateaux,Haho,Haho 1,Dalia,92.62,32.91,0,1149,29864,26243,6,0,0,0,0,0
B07047133,Plateaux,Haho,Haho 1,Atchavé,100,49.47,0,825,16210,18831,2,0,0,1,0,0
B02048134,Plateaux,Haho,Haho 2,Djemegni,98.58,47.97,2.74,1630,29411,32061,3,0,0,0,0,0
B07048135,Plateaux,Haho,Haho 2,Asrama,37.38,50.77,0,1305,34343,39311,3,1,0,2,1,0
B07049136,Plateaux,Haho,Haho 3,Kpédomé,96.03,65.71,34.51,398,23263,36851,2,0,0,0,0,0
B07050137,Plateaux,Haho,Haho 4,Kpegnon (Haito),69.08,39.97,0,1248,12919,13791,2,0,0,0,0,0
B07050138,Plateaux,Haho,Haho 4,Wahala,96.23,61.86,43.15,596,29628,45241,2,0,0,4,0,0
B08051139,Plateaux,Kloto,Kloto 1,Tové,100,88.95,90.71,1135,11348,10514,1,0,0,0,0,0
B08051140,Plateaux,Kloto,Kloto 1,Agome-Kpalime,100,98.76,99.87,241,88712,88228,2,1,5,7,1,6
B08051141,Plateaux,Kloto,Kloto 1,Yokélé,100,74.17,51.35,1442,7088,7924,0,0,0,0,0,0
B08051142,Plateaux,Kloto,Kloto 1,Tomé,100,14.99,0,4235,4824,7473,0,0,0,0,0,0
B08051143,Plateaux,Kloto,Kloto 1,Kpadapé,100,48.35,0,3046,8845,7100,2,0,0,0,0,0
B08051144,Plateaux,Kloto,Kloto 1,Womé,100,95.08,0,613,5878,6100,0,0,0,0,0,0
B08051145,Plateaux,Kloto,Kloto 1,Gbalabé,100,92.47,79.57,123,738,714,1,0,0,0,0,0
B08051146,Plateaux,Kloto,Kloto 1,Hanyigba,100,100,83.81,167,833,833,2,0,0,0,0,0
B08052147,Plateaux,Kloto,Kloto 2,Lavié,100,69.78,0.73,371,7706,7295,1,0,0,0,0,0
B08052148,Plateaux,Kloto,Kloto 2,Lavié-Apédomé,100,51.36,0,639,5783,5799,1,0,0,1,0,0
B08052149,Plateaux,Kloto,Kloto 2,Kpimé,100,77.26,0,331,8615,8303,3,0,0,0,0,0
B08053150,Plateaux,Kloto,Kloto 3,Agomé-Yoh,100,85.71,19.05,416,833,825,0,0,0,0,0,0
B08053151,Plateaux,Kloto,Kloto 3,Agomé-Tomégbé,100,68.26,0,554,3324,3324,3,0,0,1,0,0
B08053152,Plateaux,Kloto,Kloto 3,Kouma,100,90.88,0,314,8790,6759,2,0,0,1,0,0
B09055157,Plateaux,Kpélé,Kpélé 2,Kpélé-Nord,100,52.81,0,389,9295,7880,3,1,0,2,1,0
B09055158,Plateaux,Kpélé,Kpélé 2,Kpélé-Dutoé,100,59.06,0,691,3455,3113,0,0,0,0,0,0
B09055159,Plateaux,Kpélé,Kpélé 2,Kpélé-Kamé,100,59.4,0,396,8225,7357,3,0,0,0,0,0
B09055160,Plateaux,Kpélé,Kpélé 2,Kpélé-Gbalédzé,100,69.79,0,395,3552,3308,0,0,0,0,0,0
B09055161,Plateaux,Kpélé,Kpélé 2,Kpélé-Centre,99.39,49.01,23.96,560,4642,5874,1,0,0,1,0,0
B09054153,Plateaux,Kpélé,Kpélé 1,Kpélé-Govié,86.26,33.91,39.06,726,10372,8210,1,0,0,0,0,0
B09054154,Plateaux,Kpélé,Kpélé 1,Kpélé-Novivé,89.47,74.93,70.17,197,29516,26403,9,1,1,4,1,1
B09054155,Plateaux,Kpélé,Kpélé 1,Kpélé-Akata,100,60.67,0,517,7757,6709,3,0,0,0,0,0
B09054156,Plateaux,Kpélé,Kpélé 1,Kpélé-Dawlotou,63.58,21.14,0,3036,8376,8863,5,0,0,0,0,0
B10056162,Plateaux,Moyen-Mono,Moyen-Mono 1,Tohoun,100,85.72,91.3,743,17481,19311,1,1,0,1,1,1
B10056163,Plateaux,Moyen-Mono,Moyen-Mono 1,Tado,100,62.39,0,2157,14852,19060,2,0,0,2,0,0
B10056164,Plateaux,Moyen-Mono,Moyen-Mono 1,Ahassomè,100,15.71,0,1241,4817,4784,1,0,0,0,0,0
B10057165,Plateaux,Moyen-Mono,Moyen-Mono 2,Katomé,100,64.42,0,2051,6150,8164,0,0,0,0,0,0
B10057166,Plateaux,Moyen-Mono,Moyen-Mono 2,Kpékplémé,100,89.51,0,751,18225,20268,2,0,1,2,0,0
B10057167,Plateaux,Moyen-Mono,Moyen-Mono 2,Saligbé,100,78.99,0,1398,11332,15344,1,0,0,0,0,0
B11058168,Plateaux,Ogou,Ogou 1,Houdou,100,35.7,1.22,974,12271,12635,2,0,0,0,0,0
B11058169,Plateaux,Ogou,Ogou 1,Djama,100,58.92,0,2225,67455,66430,8,2,3,3,2,2
B11058170,Plateaux,Ogou,Ogou 1,Gnagna,100,57.31,0,182,40672,40652,3,0,5,2,0,4
B11059171,Plateaux,Ogou,Ogou 2,Katoré,59.37,72.96,0,333,6723,6433,4,0,0,0,0,0
B11059172,Plateaux,Ogou,Ogou 2,Datcha,100,65.44,0,2131,15561,15658,2,0,0,1,0,0
B11059173,Plateaux,Ogou,Ogou 2,Akparé,91.04,49.23,0,762,10075,9959,3,0,0,2,0,0
B11060174,Plateaux,Ogou,Ogou 3,Gléi,98.06,46.55,51.44,502,23986,39396,1,1,0,3,1,0
B11061175,Plateaux,Ogou,Ogou 4,Ountivou,86.43,38.18,0,1078,19850,18942,4,0,0,2,0,0
B12063180,Plateaux,Wawa,Wawa 2,Gbadi-N'kougna,100,63.17,0,383,3367,4561,1,0,0,0,0,0
B12063181,Plateaux,Wawa,Wawa 2,Ekéto,100,18.04,0,4058,1640,3518,0,0,0,0,0,0
B12063182,Plateaux,Wawa,Wawa 2,Gobé,100,30.14,0,636,1272,1133,1,0,0,0,0,0
B12062176,Plateaux,Wawa,Wawa 1,Kpété-Béna,100,64.53,0,432,11013,11501,3,0,0,0,0,0
B12062177,Plateaux,Wawa,Wawa 1,Tomégbé,100,62.94,0,376,4295,9828,1,0,0,0,0,0
B12062178,Plateaux,Wawa,Wawa 1,Badou,100,83.12,0,242,20762,20971,2,1,1,3,1,1
B12062179,Plateaux,Wawa,Wawa 1,Késsibo,100,73.48,0,505,8138,10304,1,0,0,0,0,0
B12064183,Plateaux,Wawa,Wawa 3,Klabé-Efoukpa,100,55.81,0,459,9305,10176,1,0,0,0,0,0
B12064184,Plateaux,Wawa,Wawa 3,Ounabé,100,90.44,0,871,242,4168,0,0,0,0,0,0
B12064185,Plateaux,Wawa,Wawa 3,Okou,100,42.39,0,1796,6700,8086,1,0,0,0,0,0
B12064186,Plateaux,Wawa,Wawa 3,Doumé,100,73.4,0,325,4095,4069,2,0,0,0,0,0
C01067198,Centrale,Blitta,Blitta 3,Tintchro,0,0,0,,1725,1633,3,0,0,0,0,0
C01067199,Centrale,Blitta,Blitta 3,Welly,2.42,13.33,0,4708,7688,6782,8,0,0,0,0,0
C01067200,Centrale,Blitta,Blitta 3,Pagala-Village,85.32,0,0,,2239,1916,1,0,0,0,0,0
C01067201,Centrale,Blitta,Blitta 3,Tchifama,4.83,0,0,,2577,2166,1,0,0,0,0,0
C01067204,Centrale,Blitta,Blitta 3,Yégué,0,0,0,,1164,1141,2,0,0,0,0,0
C01067202,Centrale,Blitta,Blitta 3,Atchintsè,0,43.25,0,3666,3090,3043,2,0,0,0,0,0
C01067203,Centrale,Blitta,Blitta 3,Diguengué,0,0,0,,59,727,0,0,0,0,0,0
C01067205,Centrale,Blitta,Blitta 3,Dikpéléou,0,0,0,,998,987,1,0,0,0,0,0
C01067206,Centrale,Blitta,Blitta 3,Katchenkè,0,0,0,,1428,1332,2,0,0,0,0,0
C01067207,Centrale,Blitta,Blitta 3,M'Poti,10.91,40.49,0,1088,2852,2804,2,0,0,0,0,0
C01065187,Centrale,Blitta,Blitta 1,Pagala-Gare,90.88,67.53,0,1058,17680,17346,9,1,1,3,1,0
C01065188,Centrale,Blitta,Blitta 1,Waragni,100,64.84,0.16,336,2349,2294,2,0,0,0,0,0
C01065189,Centrale,Blitta,Blitta 1,Blitta-Village,100,87.42,99.43,6202,80611,79536,4,0,0,0,0,0
C01065190,Centrale,Blitta,Blitta 1,Blitta,100,70.56,92.31,12288,98303,95351,5,1,2,2,1,1
C01065191,Centrale,Blitta,Blitta 1,Yaloumbè,100,83.29,0,148,2966,2749,3,0,0,0,0,0
C01065192,Centrale,Blitta,Blitta 1,Tchaloudè,82.01,56.72,0,621,5109,5351,3,0,0,0,0,0
C01065193,Centrale,Blitta,Blitta 1,Doufouli,100,0,0,,1593,1486,1,0,0,0,0,0
C01066194,Centrale,Blitta,Blitta 2,Tcharè-Baou,64.78,29.61,0,2095,6247,7591,2,0,0,0,0,0
C01066195,Centrale,Blitta,Blitta 2,Koffiti,100,3.33,0,,4605,5232,2,0,0,0,0,0
C01066196,Centrale,Blitta,Blitta 2,Langabou,81.47,0.09,0,,8824,9804,2,0,0,0,0,0
C01066197,Centrale,Blitta,Blitta 2,Agbandi,71,35.62,0,1309,6291,5361,4,1,0,2,1,0
C02068208,Centrale,Mô,Mô 1,Kagnigbara,0,23.08,0,95,165,173,2,0,0,0,0,0
C02068209,Centrale,Mô,Mô 1,Boulohou,0,76.47,0,125,341,1002,3,0,0,0,0,0
C02068210,Centrale,Mô,Mô 1,Djarkpanga,0,64.94,0,165,1776,2126,2,1,1,1,1,0
C02069211,Centrale,Mô,Mô 2,Saïboudè,0,45.51,0,1266,1619,2360,2,0,0,0,0,0
C02069212,Centrale,Mô,Mô 2,Tindjasse,0,43.56,0,433,1835,1861,2,0,0,1,0,0
C03070213,Centrale,Sotouboua,Sotouboua 1,Tabindè,27.15,16.9,0,2791,5340,4860,6,0,0,0,0,0
C03070214,Centrale,Sotouboua,Sotouboua 1,Sotouboua,12.31,73.21,77.66,159,20051,21141,7,1,4,7,1,3
C03070215,Centrale,Sotouboua,Sotouboua 1,Kaniamboua,0,86.26,2.29,180,1402,1340,0,0,0,0,0,0
C03071216,Centrale,Sotouboua,Sotouboua 2,Séssaro,0,23.21,0,1431,8488,7040,7,0,0,0,0,0
C03071217,Centrale,Sotouboua,Sotouboua 2,Tittigbe,0,40.33,0,580,6379,5953,6,0,0,0,0,0
C03071218,Centrale,Sotouboua,Sotouboua 2,Aouda,0,29.44,0,407,10711,9617,4,0,0,0,0,0
C03071219,Centrale,Sotouboua,Sotouboua 2,Adjengré,0,83,0,143,8875,8798,5,1,1,3,1,1
C03071220,Centrale,Sotouboua,Sotouboua 2,Fazao,0,0,0,,0,7,0,0,0,0,0,0
C03072221,Centrale,Sotouboua,Sotouboua 3,Kazaboua,80.05,32.6,0,359,2661,4770,3,0,0,0,0,0
C03072222,Centrale,Sotouboua,Sotouboua 3,Bodjondè,100,61.26,0,302,1787,1538,2,0,0,0,0,0
C03072223,Centrale,Sotouboua,Sotouboua 3,Tchébébé,99.56,79.07,0,175,13138,12356,4,0,0,3,0,0
C04073224,Centrale,Tchamba,Tchamba 1,Affem,0,28.98,0,2821,10130,8175,2,0,0,0,0,0
C04073225,Centrale,Tchamba,Tchamba 1,Alibi I,1.04,28.56,13.13,3417,9949,7712,4,0,0,0,0,0
C04073226,Centrale,Tchamba,Tchamba 1,Larini,0,64.88,84.03,6583,17667,17889,1,0,0,0,0,0
C04073227,Centrale,Tchamba,Tchamba 1,Kri-Kri,0,64.38,0,2340,3954,4007,2,0,0,0,0,0
C04073228,Centrale,Tchamba,Tchamba 1,Tchamba,0,72.37,66.37,1150,30434,41077,2,1,1,5,1,0
C04074229,Centrale,Tchamba,Tchamba 2,Bago,0,30.5,0,826,19221,24311,3,0,0,0,0,0
C04074230,Centrale,Tchamba,Tchamba 2,Koussountou,0,44.53,8.2,588,15185,20282,2,1,0,1,1,0
C04075231,Centrale,Tchamba,Tchamba 3,Balanka,0,71.58,3.52,745,6850,7331,1,0,0,0,0,0
C04075232,Centrale,Tchamba,Tchamba 3,Goubi,0,34.66,0,1076,15281,12941,5,0,0,0,0,0
C04075233,Centrale,Tchamba,Tchamba 3,Kaboli,0,51.3,52.51,818,20569,23921,2,1,0,5,1,0
C05077239,Centrale,Tchaoudjo,Tchaoudjo 2,Lama-Tessi,80.99,54.42,0,564,25042,23025,12,0,0,0,0,0
C05076234,Centrale,Tchaoudjo,Tchaoudjo 1,Tchalo,100,76.48,40.41,401,8902,8486,2,0,0,0,0,0
C05076235,Centrale,Tchaoudjo,Tchaoudjo 1,Kadambara,61.4,38.17,32.38,357,18427,15945,4,0,0,0,0,0
C05076236,Centrale,Tchaoudjo,Tchaoudjo 1,Kparataou,86.45,68.49,1.12,257,13830,13476,4,0,0,0,0,0
C05076237,Centrale,Tchaoudjo,Tchaoudjo 1,Sokodè (Komah),100,97.03,97.58,96,82445,82369,6,1,10,7,1,8
C05076238,Centrale,Tchaoudjo,Tchaoudjo 1,Kpangalam,100,91.08,85.02,149,38698,37603,5,1,1,2,1,0
C05078243,Centrale,Tchaoudjo,Tchaoudjo 3,Amaïde,99.82,52.46,0,207,3423,3325,2,0,0,0,0,0
C05078241,Centrale,Tchaoudjo,Tchaoudjo 3,Aléhéridè,99.75,79.08,0,225,5934,5666,1,1,0,0,1,0
C05078242,Centrale,Tchaoudjo,Tchaoudjo 3,Kolina,100,64.05,0,348,4134,3673,3,0,0,0,0,0
C05078240,Centrale,Tchaoudjo,Tchaoudjo 3,Kéméni,100,68.88,0,225,930,936,1,0,0,0,0,0
C05079244,Centrale,Tchaoudjo,Tchaoudjo 4,Wassarabo,100,68.78,0,179,1428,1594,1,0,0,0,0,0
C05079245,Centrale,Tchaoudjo,Tchaoudjo 4,Kpassaouade,65.42,54.16,1.6,315,2317,2585,2,0,0,0,0,0
C05079246,Centrale,Tchaoudjo,Tchaoudjo 4,Agouloudè,41.77,40.66,0,529,5849,5766,4,0,0,0,0,0
D01080247,Kara,Assoli,Assoli 1,Dako (Daoude),68.46,57.05,0,654,4565,5266,1,0,0,0,0,0
D01080248,Kara,Assoli,Assoli 1,Bouladè,100,49.71,30.25,752,5262,4606,3,0,0,0,0,0
D01080249,Kara,Assoli,Assoli 1,Bafilo,100,91.88,92.91,119,17817,17478,3,1,2,5,1,1
D01081250,Kara,Assoli,Assoli 2,Alédjo,100,79.71,0,367,6608,6476,4,0,0,0,0,0
D01081251,Kara,Assoli,Assoli 2,Koumondè,100,99.52,18.33,224,2906,2892,1,0,0,0,0,0
D01082252,Kara,Assoli,Assoli 3,Soudou,100,49.28,0.5,297,7285,6614,3,0,0,0,0,0
D02083253,Kara,Bassar,Bassar 1,Baghan,16.17,74.47,0,183,1521,1367,2,0,0,0,0,0
D02083254,Kara,Bassar,Bassar 1,Bassar,98.61,82.37,78.58,169,39711,39438,9,1,4,4,1,1
D02083255,Kara,Bassar,Bassar 1,Kalanga,100,39.8,0,810,2818,4718,1,0,0,0,0,0
D02084256,Kara,Bassar,Bassar 2,Dimori,42.14,36.97,0,1003,4964,8371,1,0,0,0,0,0
D02084257,Kara,Bassar,Bassar 2,Bitchabe,92.4,44.11,0,1383,5125,5209,3,0,0,0,0,0
D02084258,Kara,Bassar,Bassar 2,Bangeli,100,42.43,0,287,8385,9564,4,1,1,1,1,0
D02085259,Kara,Bassar,Bassar 3,Manga,100,28.24,0,519,1879,3927,1,0,0,0,0,0
D02085260,Kara,Bassar,Bassar 3,Kabou,99.51,68.37,67.52,384,21774,22276,3,1,1,2,1,1
D02086261,Kara,Bassar,Bassar 4,Sanda-Afohou,100,77.53,0,312,3337,3576,1,0,0,0,0,0
D02086262,Kara,Bassar,Bassar 4,Sanda-Kagbanda,100,73.91,0,235,3646,3478,2,0,0,0,0,0
D03087263,Kara,Binah,Binah 1,Solla,68.72,35.58,0,731,8230,7290,2,0,0,0,0,0
D03087264,Kara,Binah,Binah 1,Pessaré,100,62.38,0,806,5643,5544,1,0,0,0,0,0
D03087265,Kara,Binah,Binah 1,Boufalé,100,30.29,0,373,4417,3728,1,0,0,0,0,0
D03087266,Kara,Binah,Binah 1,Pitikita,100,16.41,0,2421,4843,4460,1,0,0,0,0,0
D03087267,Kara,Binah,Binah 1,Lama-Dessi,100,73.53,0,624,7485,7080,1,0,0,0,0,0
D03087268,Kara,Binah,Binah 1,Pagouda,100,76.75,0,327,15392,14986,7,1,1,1,1,0
D03088269,Kara,Binah,Binah 2,Sirka,100,41.73,0,637,6523,7054,6,0,0,0,0,0
D03088270,Kara,Binah,Binah 2,Kétao,100,94.76,0,136,13392,13355,1,1,3,4,1,1
D03088271,Kara,Binah,Binah 2,Kémérida,100,83.81,0,629,5283,5440,2,0,0,0,0,0
D04089272,Kara,Dankpen,Dankpen 1,Naompoch,91.25,37.02,0,1566,7119,10210,2,0,0,0,0,0
D04089273,Kara,Dankpen,Dankpen 1,Katchamba,24.18,32.83,0,1188,5133,7484,2,0,0,0,0,0
D04089274,Kara,Dankpen,Dankpen 1,Guérin-Kouka,99.95,58.65,66.54,448,34366,39574,1,1,3,4,1,0
D04089275,Kara,Dankpen,Dankpen 1,Koulféikou,0,73.35,0,1575,12620,14801,1,0,0,0,0,0
D04090276,Kara,Dankpen,Dankpen 2,Namon,9.19,50.76,0,1060,8893,8093,1,0,0,0,0,0
D04090277,Kara,Dankpen,Dankpen 2,Natchiboré,21.62,33.58,0,2449,2922,9038,0,0,0,0,0,0
D04090278,Kara,Dankpen,Dankpen 2,Natchitikpi,100,26.67,0,953,4023,4531,1,0,0,0,0,0
D04090279,Kara,Dankpen,Dankpen 2,Koutchitchéou,98.22,55.84,0,1091,1292,6382,0,0,0,0,0,0
D04091280,Kara,Dankpen,Dankpen 3,Nawaré,98.42,14.35,0,4811,6924,19565,1,0,0,0,0,0
D04091281,Kara,Dankpen,Dankpen 3,Bapuré,100,44.65,0,1582,19979,29622,2,1,0,0,1,0
D04091282,Kara,Dankpen,Dankpen 3,Nandouta,11.92,24.55,0,4726,11561,18189,3,0,0,0,0,0
D04091283,Kara,Dankpen,Dankpen 3,Kidjabou,42.68,6.29,0,3799,5738,22423,1,0,0,0,0,0
D05092285,Kara,Doufelgou,Doufelgou 1,Agbandè-Yaka,100,45.25,67.54,1311,5001,3041,1,0,0,0,0,0
D05092286,Kara,Doufelgou,Doufelgou 1,Niamtougou,100,97.51,99.62,250,16257,16114,3,1,2,4,1,0
D05092284,Kara,Doufelgou,Doufelgou 1,Siou,100,87.53,0,435,10879,10805,6,1,0,1,1,0
D05092287,Kara,Doufelgou,Doufelgou 1,Ténéga,100,67.46,0,1248,3743,3650,3,0,0,0,0,0
D05092288,Kara,Doufelgou,Doufelgou 1,Baga,100,88.48,94.53,695,7642,7553,4,0,0,0,0,0
D05092289,Kara,Doufelgou,Doufelgou 1,Pouda,100,0,0,,2919,2495,1,0,0,0,0,0
D05092290,Kara,Doufelgou,Doufelgou 1,Massédéna,69.7,0,0,,1795,1611,1,0,0,0,0,0
D05092291,Kara,Doufelgou,Doufelgou 1,Koka,100,86.5,65.19,768,4610,4290,3,0,0,0,0,0
D05093293,Kara,Doufelgou,Doufelgou 2,Alloum,61.36,35.31,0,240,2023,2916,2,0,0,3,0,0
D05093292,Kara,Doufelgou,Doufelgou 2,Léon,45.1,42.77,0,298,2031,1365,3,0,0,0,0,0
D05093294,Kara,Doufelgou,Doufelgou 2,Kadjalla,62.42,28.86,0,253,3269,2576,2,0,0,0,0,0
D05093295,Kara,Doufelgou,Doufelgou 2,Tchoré,100,51.95,0,254,762,600,1,0,0,0,0,0
D05093296,Kara,Doufelgou,Doufelgou 2,Défalé,100,2.06,0,,227,116,0,0,0,1,0,0
D05093297,Kara,Doufelgou,Doufelgou 2,Kpaha,100,50.83,0,536,1320,1476,1,0,0,0,0,0
D06096304,Kara,Kéran,Kéran 3,Nadoba,0,35.24,0,1782,12769,13091,1,0,0,0,0,0
D06096305,Kara,Kéran,Kéran 3,Warengo,0,11.81,0,6024,458,5414,0,0,0,0,0,0
D06096306,Kara,Kéran,Kéran 3,Koutougou,0,0,0,,652,2423,1,0,0,0,0,0
D06094298,Kara,Kéran,Kéran 1,Kantè,74.64,74.76,85.6,407,30612,28191,9,1,4,3,1,0
D06094299,Kara,Kéran,Kéran 1,Pessidè,7.04,9.07,6.56,2406,16658,10464,8,0,0,0,0,0
D06094300,Kara,Kéran,Kéran 1,Akpontè,3.73,10.39,0,870,5041,2237,3,0,0,0,0,0
D06095301,Kara,Kéran,Kéran 2,Hélota,0,27.64,0,922,11275,7543,6,0,0,0,0,0
D06095302,Kara,Kéran,Kéran 2,Ossacré,0,60.29,0,683,11549,10134,4,0,0,0,0,0
D06095303,Kara,Kéran,Kéran 2,Ataloté,3.92,32.85,0,1812,14430,8304,13,0,0,0,0,0
D07097307,Kara,Kozah,Kozah 1,Landa,100,94.55,0,302,9059,9044,12,0,0,0,0,0
D07097308,Kara,Kozah,Kozah 1,Soumdina,100,87.22,0,364,6910,6879,2,0,0,0,0,0
D07097309,Kara,Kozah,Kozah 1,Lassa,100,82.28,0,280,16806,16762,8,0,0,0,0,0
D07097310,Kara,Kozah,Kozah 1,Commune De Kara,100,98.09,91.61,85,107435,106957,13,2,13,6,2,10
D07098313,Kara,Kozah,Kozah 2,Pya,100,95.5,0,346,13859,13635,5,1,3,1,1,0
D07098314,Kara,Kozah,Kozah 2,Tchitchao,100,86.35,0,1002,9009,8706,5,0,0,0,0,0
D07098315,Kara,Kozah,Kozah 2,Bohou,100,64.26,1.51,609,12181,12036,6,0,0,0,0,0
D07098316,Kara,Kozah,Kozah 2,Sara-Kawa,100,53.33,0,511,4350,3602,3,0,0,0,0,0
D07098317,Kara,Kozah,Kozah 2,Yadè,100,89,3.65,467,7468,7397,0,0,0,0,0,0
D07098311,Kara,Kozah,Kozah 2,Kouméa,100,84.6,0,392,9811,9776,9,1,0,0,1,0
D07098312,Kara,Kozah,Kozah 2,Tcharè,100,87.05,0,399,3189,3079,2,0,0,0,0,0
D07099318,Kara,Kozah,Kozah 3,Awandjélo,100,52.33,0,467,10275,9029,10,0,0,0,0,0
D07099319,Kara,Kozah,Kozah 3,Kpinzindè,99.61,41.32,0,651,7806,6457,17,0,0,0,0,0
D07100320,Kara,Kozah,Kozah 4,Djamdè,100,65.38,0,320,2393,2584,2,0,0,0,0,0
D07100321,Kara,Kozah,Kozah 4,Atchangbadè,100,41.54,0,726,16710,17600,2,1,0,0,1,0
E01102326,Savanes,Cinkassé,Cinkassé 2,Biankouri,100,46.78,20.97,872,13947,12951,3,0,0,0,0,0
E01102328,Savanes,Cinkassé,Cinkassé 2,Timbou,100,59.81,0.36,742,17075,16595,2,0,0,1,0,0
E01102327,Savanes,Cinkassé,Cinkassé 2,Nadjoundi,100,50.81,0,571,9708,9310,2,0,0,0,0,0
E01102329,Savanes,Cinkassé,Cinkassé 2,Sam-Naba,100,74.94,0.28,479,9572,9128,1,0,0,1,0,0
E01101322,Savanes,Cinkassé,Cinkassé 1,Gouloungoussi,100,46,0,1836,3671,3404,1,0,0,0,0,0
E01101323,Savanes,Cinkassé,Cinkassé 1,Noaga,100,0,0,,702,409,0,0,0,0,0,0
E01101324,Savanes,Cinkassé,Cinkassé 1,Boadé,100,55.68,0,809,1893,2418,0,0,0,0,0,0
E02103330,Savanes,Kpendjal,Kpendjal 1,Tambigou,0,24.44,0,4536,0,2306,0,0,0,0,0,0
E02103331,Savanes,Kpendjal,Kpendjal 1,Koundjoaré,0,55.56,0,1037,14819,14933,3,0,0,0,0,0
E02103332,Savanes,Kpendjal,Kpendjal 1,Mandouri,0,41.46,0,812,12270,12321,2,1,0,0,1,0
E02104333,Savanes,Kpendjal,Kpendjal 2,Borgou,0,17.57,0,3917,11442,15494,4,0,0,0,0,0
E03105334,Savanes,Kpendjal-Ouest,Kpendjal-Ouest 1,Naki-Est,77.63,66.81,0,548,25591,22729,7,0,0,1,0,0
E03105335,Savanes,Kpendjal-Ouest,Kpendjal-Ouest 1,Nayéga,65.74,55.87,0,1140,6842,6320,2,0,0,0,0,0
E03105336,Savanes,Kpendjal-Ouest,Kpendjal-Ouest 1,Ogaro,1.06,51.35,0,1086,21151,18781,5,0,0,0,0,0
E03106337,Savanes,Kpendjal-Ouest,Kpendjal-Ouest 2,Papri,100,66.58,0,938,18756,18068,2,0,0,2,0,0
E03106338,Savanes,Kpendjal-Ouest,Kpendjal-Ouest 2,Tambonga,100,53.19,0,998,8983,7607,2,0,0,0,0,0
E03106339,Savanes,Kpendjal-Ouest,Kpendjal-Ouest 2,Namoundjoga,99.87,38.21,0,879,9556,8855,2,0,0,1,0,0
E03106340,Savanes,Kpendjal-Ouest,Kpendjal-Ouest 2,Pogno,43.34,38.44,0,1040,16220,15838,4,0,0,0,0,0
E04109341,Savanes,Oti,Oti 1,Mango,100,85.39,86.85,257,47266,48857,4,1,4,3,1,0
E04109342,Savanes,Oti,Oti 1,Sadori,100,33.03,0,2087,7577,7019,1,0,0,0,0,0
E04109343,Savanes,Oti,Oti 1,Faré,19.44,40.28,0,5259,5206,3509,1,0,0,0,0,0
E04110344,Savanes,Oti,Oti 2,Barkoissi,100,72.15,0,344,35836,35756,7,1,1,3,1,0
E04110345,Savanes,Oti,Oti 2,Nagbéni,75.44,49.24,0,1078,21786,20812,8,0,0,0,0,0
E04110346,Savanes,Oti,Oti 2,Tchanaga,80.88,16.24,0,1246,3826,4742,2,0,0,0,0,0
E04110347,Savanes,Oti,Oti 2,Galangashie,100,49.49,0,913,10296,10391,2,0,0,0,0,0
E05107348,Savanes,Oti-Sud,Oti-Sud 1,Sagbiebou,100,57.33,0,385,8673,10391,4,0,0,1,0,0
E05107349,Savanes,Oti-Sud,Oti-Sud 1,Tchamonga,22.13,23.69,0,2143,4921,15145,1,0,0,0,0,0
E05107350,Savanes,Oti-Sud,Oti-Sud 1,Mogou,100,21.27,0.19,1304,6745,10992,1,0,0,0,0,0
E05107351,Savanes,Oti-Sud,Oti-Sud 1,Gando,99.97,61.7,60.75,491,24911,23950,5,1,1,2,1,0
E05108352,Savanes,Oti-Sud,Oti-Sud 2,Kountoire,13.36,22.04,0,1026,8480,9294,2,0,0,0,0,0
E06108355,Savanes,Oti-Sud,Oti-Sud 2,Takpamba,0,38,0,772,6648,7693,2,0,0,1,0,0
E05108353,Savanes,Oti-Sud,Oti-Sud 2,Koumongou,65.52,43.44,0,1124,7662,7883,1,0,0,0,0,0
E05108354,Savanes,Oti-Sud,Oti-Sud 2,Nali,0,26.25,0,2730,4363,5807,1,0,0,0,0,0
E06111361,Savanes,Tandjoaré,Tandjoaré 1,Nandoga,100,49.88,0,1532,6126,5908,3,0,0,0,0,0
E06111356,Savanes,Tandjoaré,Tandjoaré 1,Loko,100,37.7,0,3194,3194,2682,3,0,0,0,0,0
E06111357,Savanes,Tandjoaré,Tandjoaré 1,Pligou,100,30.73,0,1400,8401,7286,0,0,0,0,0,0
E06111358,Savanes,Tandjoaré,Tandjoaré 1,Bombouaka,100,56.83,0,558,9483,9084,5,1,1,2,1,0
E06111359,Savanes,Tandjoaré,Tandjoaré 1,Goundoga,100,67.17,0,679,5434,4997,5,0,0,0,0,0
E06111360,Savanes,Tandjoaré,Tandjoaré 1,Bogou,100,47.59,0,1325,15895,15661,6,0,0,0,0,0
E06111362,Savanes,Tandjoaré,Tandjoaré 1,Boulogou,100,0.63,0,,7210,6703,4,0,0,0,0,0
E06111363,Savanes,Tandjoaré,Tandjoaré 1,Tamongue,99.81,48.13,0,1226,19204,21412,6,0,0,1,0,0
E06112364,Savanes,Tandjoaré,Tandjoaré 2,Bagou,100,14.51,0,3319,3319,2860,5,0,0,0,0,0
E06112365,Savanes,Tandjoaré,Tandjoaré 2,Nano,100,79.7,0,481,16271,16662,3,0,0,3,0,0
E06112366,Savanes,Tandjoaré,Tandjoaré 2,Sissiak,100,51,0,1016,26416,24873,10,0,0,0,0,0
E06112367,Savanes,Tandjoaré,Tandjoaré 2,Tampialime,99.1,65.5,0,764,840,11522,0,0,0,0,0,0
E06112368,Savanes,Tandjoaré,Tandjoaré 2,Mamproug,98.18,0,0,,7428,6803,4,0,0,0,0,0
E06112369,Savanes,Tandjoaré,Tandjoaré 2,Doukpergou,100,45.85,0,680,6600,6307,5,0,0,1,0,0
E06112370,Savanes,Tandjoaré,Tandjoaré 2,Sangou,100,0,0,,429,3688,0,0,0,0,0,0
E06112371,Savanes,Tandjoaré,Tandjoaré 2,Lokpano,100,20.6,0,1818,6615,6367,2,0,0,0,0,0
E07116386,Savanes,Tône,Tône 4,Louanga,100,49.71,0,1181,10569,9685,1,0,0,0,0,0
E07116387,Savanes,Tône,Tône 4,Kantindi,100,40.16,0,372,10797,10568,1,0,0,0,0,0
E07116388,Savanes,Tône,Tône 4,Sanfatoute,100,45.42,0,606,10298,10179,2,0,0,0,0,0
E07116389,Savanes,Tône,Tône 4,Korbongou,100,57.68,0,431,51740,48985,14,0,0,0,0,0
E07113372,Savanes,Tône,Tône 1,Poissongui,100,38.61,0,719,7906,7430,1,0,0,0,0,0
E07113373,Savanes,Tône,Tône 1,Kourientre,100,22.24,0,1486,11888,11616,3,0,0,0,0,0
E07113374,Savanes,Tône,Tône 1,Dapaong,100,87.31,79.63,174,150642,148834,21,1,7,8,1,9
E07113375,Savanes,Tône,Tône 1,Toaga,100,52.64,16.34,571,14848,13945,1,0,0,0,0,0
E07113376,Savanes,Tône,Tône 1,Natigou,100,22.87,0,2761,8284,8245,0,0,0,0,0,0
E07113377,Savanes,Tône,Tône 1,Pana,100,57.66,0,660,12424,11910,6,0,0,0,0,0
E07113378,Savanes,Tône,Tône 1,Bidjenga,100,50.56,0,809,8083,7596,1,0,0,0,0,0
E07114379,Savanes,Tône,Tône 2,Nanergou,100,53.71,0,526,9552,11328,1,0,0,0,0,0
E07114380,Savanes,Tône,Tône 2,Namaré,100,42.71,0,1377,9795,11392,0,0,0,0,0,0
E07114381,Savanes,Tône,Tône 2,Naki-Ouest,99.97,50.79,0,642,22929,27170,3,0,0,0,0,0
E07115382,Savanes,Tône,Tône 3,Nioukpourma,100,58.62,0.76,782,18757,17687,5,0,0,0,0,0
E07115384,Savanes,Tône,Tône 3,Lotogou,100,45.1,0,939,16334,15661,2,0,0,1,0,0
E07115385,Savanes,Tône,Tône 3,Warkambou,93,50.8,0,680,3345,7056,0,0,0,0,0,0
E07115383,Savanes,Tône,Tône 3,Tami,81.59,39.31,0,1011,26320,26512,2,0,0,0,0,0
